method,B,holdout_id,proxy,proxy_kind,proxy_score,proxy_weighted_success,backend_fail,cost,recover_fail
source_frozen_transfer,1,cfA_frontloaded_0_seed20260511_off1020,product_proxy,positive,0.10107197549770293,9.9,140,0.4322735128084711,9
source_frozen_transfer,1,cfA_frontloaded_0_seed20260511_off1020,additive_proxy,positive,0.09483126868859461,44.4,140,0.4322735128084711,9
source_frozen_transfer,1,cfA_frontloaded_0_seed20260511_off1020,backend_success_proxy,positive,0.4186046511627907,9.9,140,0.4322735128084711,9
source_frozen_transfer,1,cfA_frontloaded_0_seed20260511_off1020,recovery_aware_proxy,positive,0.10520722635494156,9.9,140,0.4322735128084711,9
source_frozen_transfer,1,cfA_frontloaded_0_seed20260511_off1020,burden_proxy,burden,-0.9123439663160313,-214.40083208426736,140,0.4322735128084711,9
source_frozen_transfer,1,cfA_frontloaded_0_seed20260511_off1020,success_burden_proxy,signed,-24.408796089046152,-97.30041604213369,140,0.4322735128084711,9
source_frozen_transfer,1,cfA_frontloaded_1_seed20260512_off1080,product_proxy,positive,0.0973630831643002,9.6,125,0.54834455483675,8
source_frozen_transfer,1,cfA_frontloaded_1_seed20260512_off1080,additive_proxy,positive,0.09504929275610802,44.35,125,0.54834455483675,8
source_frozen_transfer,1,cfA_frontloaded_1_seed20260512_off1080,backend_success_proxy,positive,0.386317907444668,9.6,125,0.54834455483675,8
source_frozen_transfer,1,cfA_frontloaded_1_seed20260512_off1080,recovery_aware_proxy,positive,0.10169491525423728,9.6,125,0.54834455483675,8
source_frozen_transfer,1,cfA_frontloaded_1_seed20260512_off1080,burden_proxy,burden,-0.8104539126722744,-189.64621556531222,125,0.54834455483675,8
source_frozen_transfer,1,cfA_frontloaded_1_seed20260512_off1080,success_burden_proxy,signed,-14.831029676068692,-85.22310778265611,125,0.54834455483675,8
source_frozen_transfer,1,cfB_backloaded_0_seed20260521_off1140,product_proxy,positive,0.14446227929373992,17.999999999999993,85,0.3424901591123848,3
source_frozen_transfer,1,cfB_backloaded_0_seed20260521_off1140,additive_proxy,positive,0.1419765769467845,69.10000000000002,85,0.3424901591123848,3
source_frozen_transfer,1,cfB_backloaded_0_seed20260521_off1140,backend_success_proxy,positive,0.5301914580265095,17.999999999999993,85,0.3424901591123848,3
source_frozen_transfer,1,cfB_backloaded_0_seed20260521_off1140,recovery_aware_proxy,positive,0.15177065767284986,17.999999999999993,85,0.3424901591123848,3
source_frozen_transfer,1,cfB_backloaded_0_seed20260521_off1140,burden_proxy,burden,-0.6133256790863912,-128.18506692905578,85,0.3424901591123848,3
source_frozen_transfer,1,cfB_backloaded_0_seed20260521_off1140,success_burden_proxy,signed,-3.2967718937715347,-46.0925334645279,85,0.3424901591123848,3
source_frozen_transfer,1,cfB_backloaded_1_seed20260522_off1200,product_proxy,positive,0.09639999999999999,12.049999999999999,110,0.3044111186367639,7
source_frozen_transfer,1,cfB_backloaded_1_seed20260522_off1200,additive_proxy,positive,0.09448574969021066,45.75,110,0.3044111186367639,7
source_frozen_transfer,1,cfB_backloaded_1_seed20260522_off1200,backend_success_proxy,positive,0.21158911325724322,12.049999999999999,110,0.3044111186367639,7
source_frozen_transfer,1,cfB_backloaded_1_seed20260522_off1200,recovery_aware_proxy,positive,0.09938144329896907,12.049999999999999,110,0.3044111186367639,7
source_frozen_transfer,1,cfB_backloaded_1_seed20260522_off1200,burden_proxy,burden,-0.7018544688464143,-153.00427420851832,110,0.3044111186367639,7
source_frozen_transfer,1,cfB_backloaded_1_seed20260522_off1200,success_burden_proxy,signed,-2.448340796066135,-64.45213710425915,110,0.3044111186367639,7
source_frozen_transfer,1,cfC_interleaved_0_seed20260611_off1260,product_proxy,positive,0.06792452830188676,6.299999999999999,93,0.40752433307193653,9
source_frozen_transfer,1,cfC_interleaved_0_seed20260611_off1260,additive_proxy,positive,0.06330087134802667,24.700000000000003,93,0.40752433307193653,9
source_frozen_transfer,1,cfC_interleaved_0_seed20260611_off1260,backend_success_proxy,positive,0.19905213270142177,6.299999999999999,93,0.40752433307193653,9
source_frozen_transfer,1,cfC_interleaved_0_seed20260611_off1260,recovery_aware_proxy,positive,0.0724554341575618,6.299999999999999,93,0.40752433307193653,9
source_frozen_transfer,1,cfC_interleaved_0_seed20260611_off1260,burden_proxy,burden,-0.8081467195282103,-139.00123575885218,93,0.40752433307193653,9
source_frozen_transfer,1,cfC_interleaved_0_seed20260611_off1260,success_burden_proxy,signed,-4.190614146998739,-63.200617879426076,93,0.40752433307193653,9
source_frozen_transfer,1,cfC_interleaved_1_seed20260612_off1320,product_proxy,positive,0.11880108991825608,10.899999999999999,93,0.48291535563004834,3
source_frozen_transfer,1,cfC_interleaved_1_seed20260612_off1320,additive_proxy,positive,0.10927835051546393,42.4,93,0.48291535563004834,3
source_frozen_transfer,1,cfC_interleaved_1_seed20260612_off1320,backend_success_proxy,positive,0.45511482254697283,10.899999999999999,93,0.48291535563004834,3
source_frozen_transfer,1,cfC_interleaved_1_seed20260612_off1320,recovery_aware_proxy,positive,0.12295544275239705,10.899999999999999,93,0.48291535563004834,3
source_frozen_transfer,1,cfC_interleaved_1_seed20260612_off1320,burden_proxy,burden,-0.7418855257116788,-151.34464724518247,93,0.48291535563004834,3
source_frozen_transfer,1,cfC_interleaved_1_seed20260612_off1320,success_burden_proxy,signed,-9.72409221874784,-64.77232362259123,93,0.48291535563004834,3
source_frozen_transfer,1,cfD_tailheavy_0_seed20260621_off1380,product_proxy,positive,0.0525224602626123,7.6000000000000005,100,0.3073355674061885,7
source_frozen_transfer,1,cfD_tailheavy_0_seed20260621_off1380,additive_proxy,positive,0.047389389809184335,22.599999999999998,100,0.3073355674061885,7
source_frozen_transfer,1,cfD_tailheavy_0_seed20260621_off1380,backend_success_proxy,positive,0.10674157303370785,7.6000000000000005,100,0.3073355674061885,7
source_frozen_transfer,1,cfD_tailheavy_0_seed20260621_off1380,recovery_aware_proxy,positive,0.05367231638418079,7.6000000000000005,100,0.3073355674061885,7
source_frozen_transfer,1,cfD_tailheavy_0_seed20260621_off1380,burden_proxy,burden,-0.659703168477682,-131.2809305270587,100,0.3073355674061885,7
source_frozen_transfer,1,cfD_tailheavy_0_seed20260621_off1380,success_burden_proxy,signed,-1.3514849922848864,-58.04046526352934,100,0.3073355674061885,7
source_frozen_transfer,1,cfD_tailheavy_1_seed20260622_off1440,product_proxy,positive,0.05468215994531784,8.0,76,0.2795578891297669,3
source_frozen_transfer,1,cfD_tailheavy_1_seed20260622_off1440,additive_proxy,positive,0.051060325303685414,24.799999999999997,76,0.2795578891297669,3
source_frozen_transfer,1,cfD_tailheavy_1_seed20260622_off1440,backend_success_proxy,positive,0.09049773755656107,8.0,76,0.2795578891297669,3
source_frozen_transfer,1,cfD_tailheavy_1_seed20260622_off1440,recovery_aware_proxy,positive,0.05726556907659271,8.0,76,0.2795578891297669,3
source_frozen_transfer,1,cfD_tailheavy_1_seed20260622_off1440,burden_proxy,burden,-0.5804190008946934,-110.86002917088645,76,0.2795578891297669,3
source_frozen_transfer,1,cfD_tailheavy_1_seed20260622_off1440,success_burden_proxy,signed,-0.8482165922962062,-47.430014585443224,76,0.2795578891297669,3
source_frozen_transfer,2,cfA_frontloaded_0_seed20260511_off1020,product_proxy,positive,0.19806023481368046,19.4,172,0.6016319469510765,10
source_frozen_transfer,2,cfA_frontloaded_0_seed20260511_off1020,additive_proxy,positive,0.1845365228534814,86.4,172,0.6016319469510765,10
source_frozen_transfer,2,cfA_frontloaded_0_seed20260511_off1020,backend_success_proxy,positive,0.8202959830866807,19.4,172,0.6016319469510765,10
source_frozen_transfer,2,cfA_frontloaded_0_seed20260511_off1020,recovery_aware_proxy,positive,0.206163655685441,19.4,172,0.6016319469510765,10
source_frozen_transfer,2,cfA_frontloaded_0_seed20260511_off1020,burden_proxy,burden,-1.1833071643184803,-278.07718361484285,172,0.6016319469510765,10
source_frozen_transfer,2,cfA_frontloaded_0_seed20260511_off1020,success_burden_proxy,signed,-30.012554011520752,-119.63859180742145,172,0.6016319469510765,10
source_frozen_transfer,2,cfA_frontloaded_1_seed20260512_off1080,product_proxy,positive,0.18864097363083168,18.6,168,0.7812281300187721,11
source_frozen_transfer,2,cfA_frontloaded_1_seed20260512_off1080,additive_proxy,positive,0.18024003429061292,84.1,168,0.7812281300187721,11
source_frozen_transfer,2,cfA_frontloaded_1_seed20260512_off1080,backend_success_proxy,positive,0.7484909456740443,18.6,168,0.7812281300187721,11
source_frozen_transfer,2,cfA_frontloaded_1_seed20260512_off1080,recovery_aware_proxy,positive,0.19703389830508475,18.6,168,0.7812281300187721,11
source_frozen_transfer,2,cfA_frontloaded_1_seed20260512_off1080,burden_proxy,burden,-1.1450928389453148,-267.95172431320367,168,0.7812281300187721,11
source_frozen_transfer,2,cfA_frontloaded_1_seed20260512_off1080,success_burden_proxy,signed,-20.078390474922454,-115.37586215660181,168,0.7812281300187721,11
source_frozen_transfer,2,cfB_backloaded_0_seed20260521_off1140,product_proxy,positive,0.196629213483146,24.49999999999999,133,0.6918275160619302,7
source_frozen_transfer,2,cfB_backloaded_0_seed20260521_off1140,additive_proxy,positive,0.19252106020135615,93.70000000000003,133,0.6918275160619302,7
source_frozen_transfer,2,cfB_backloaded_0_seed20260521_off1140,backend_success_proxy,positive,0.7216494845360822,24.49999999999999,133,0.6918275160619302,7
source_frozen_transfer,2,cfB_backloaded_0_seed20260521_off1140,recovery_aware_proxy,positive,0.20657672849915676,24.49999999999999,133,0.6918275160619302,7
source_frozen_transfer,2,cfB_backloaded_0_seed20260521_off1140,burden_proxy,burden,-1.0079589518601,-210.66342093876088,133,0.6918275160619302,7
source_frozen_transfer,2,cfB_backloaded_0_seed20260521_off1140,success_burden_proxy,signed,-5.7814941199969745,-80.83171046938045,133,0.6918275160619302,7
source_frozen_transfer,2,cfB_backloaded_1_seed20260522_off1200,product_proxy,positive,0.16159999999999994,20.199999999999992,132,0.4288685609462753,9
source_frozen_transfer,2,cfB_backloaded_1_seed20260522_off1200,additive_proxy,positive,0.15200330441966134,73.60000000000002,132,0.4288685609462753,9
source_frozen_transfer,2,cfB_backloaded_1_seed20260522_off1200,backend_success_proxy,positive,0.35469710272168564,20.199999999999992,132,0.4288685609462753,9
source_frozen_transfer,2,cfB_backloaded_1_seed20260522_off1200,recovery_aware_proxy,positive,0.16659793814432985,20.199999999999992,132,0.4288685609462753,9
source_frozen_transfer,2,cfB_backloaded_1_seed20260522_off1200,burden_proxy,burden,-0.8915747465775923,-194.3632947539151,132,0.4288685609462753,9
source_frozen_transfer,2,cfB_backloaded_1_seed20260522_off1200,success_burden_proxy,signed,-2.9242988097741103,-76.98164737695757,132,0.4288685609462753,9
source_frozen_transfer,2,cfC_interleaved_0_seed20260611_off1260,product_proxy,positive,0.18490566037735842,17.15,109,0.4827075379896794,11
source_frozen_transfer,2,cfC_interleaved_0_seed20260611_off1260,additive_proxy,positive,0.16376217324449002,63.89999999999999,109,0.4827075379896794,11
source_frozen_transfer,2,cfC_interleaved_0_seed20260611_off1260,backend_success_proxy,positive,0.5418641390205371,17.15,109,0.4827075379896794,11
source_frozen_transfer,2,cfC_interleaved_0_seed20260611_off1260,recovery_aware_proxy,positive,0.1972397929844738,17.15,109,0.4827075379896794,11
source_frozen_transfer,2,cfC_interleaved_0_seed20260611_off1260,burden_proxy,burden,-0.9845567436921812,-169.34375991505516,109,0.4827075379896794,11
source_frozen_transfer,2,cfC_interleaved_0_seed20260611_off1260,success_burden_proxy,signed,-4.47714207354416,-67.5218799575276,109,0.4827075379896794,11
source_frozen_transfer,2,cfC_interleaved_1_seed20260612_off1320,product_proxy,positive,0.20817438692098075,19.09999999999999,121,0.6860837076754942,3
source_frozen_transfer,2,cfC_interleaved_1_seed20260612_off1320,additive_proxy,positive,0.1953608247422681,75.80000000000001,121,0.6860837076754942,3
source_frozen_transfer,2,cfC_interleaved_1_seed20260612_off1320,backend_success_proxy,positive,0.797494780793319,19.09999999999999,121,0.6860837076754942,3
source_frozen_transfer,2,cfC_interleaved_1_seed20260612_off1320,recovery_aware_proxy,positive,0.21545403271291586,19.09999999999999,121,0.6860837076754942,3
source_frozen_transfer,2,cfC_interleaved_1_seed20260612_off1320,burden_proxy,burden,-1.0375961679785728,-211.66961826762883,121,0.6860837076754942,3
source_frozen_transfer,2,cfC_interleaved_1_seed20260612_off1320,success_burden_proxy,signed,-13.021260245456713,-86.73480913381442,121,0.6860837076754942,3
source_frozen_transfer,2,cfD_tailheavy_0_seed20260621_off1380,product_proxy,positive,0.08569454042847269,12.399999999999999,115,0.4157160810375663,8
source_frozen_transfer,2,cfD_tailheavy_0_seed20260621_off1380,additive_proxy,positive,0.07590689872090588,36.199999999999996,115,0.4157160810375663,8
source_frozen_transfer,2,cfD_tailheavy_0_seed20260621_off1380,backend_success_proxy,positive,0.17415730337078644,12.399999999999999,115,0.4157160810375663,8
source_frozen_transfer,2,cfD_tailheavy_0_seed20260621_off1380,recovery_aware_proxy,positive,0.08757062146892652,12.399999999999999,115,0.4157160810375663,8
source_frozen_transfer,2,cfD_tailheavy_0_seed20260621_off1380,burden_proxy,burden,-0.7960358606902884,-158.4111362773674,115,0.4157160810375663,8
source_frozen_transfer,2,cfD_tailheavy_0_seed20260621_off1380,success_burden_proxy,signed,-1.5555823395032207,-66.8055681386837,115,0.4157160810375663,8
source_frozen_transfer,2,cfD_tailheavy_1_seed20260622_off1440,product_proxy,positive,0.19412166780587833,28.400000000000002,91,0.37178617262373387,6
source_frozen_transfer,2,cfD_tailheavy_1_seed20260622_off1440,additive_proxy,positive,0.17006382540662965,82.6,91,0.37178617262373387,6
source_frozen_transfer,2,cfD_tailheavy_1_seed20260622_off1440,backend_success_proxy,positive,0.3212669683257918,28.400000000000002,91,0.37178617262373387,6
source_frozen_transfer,2,cfD_tailheavy_1_seed20260622_off1440,recovery_aware_proxy,positive,0.20329277022190412,28.400000000000002,91,0.37178617262373387,6
source_frozen_transfer,2,cfD_tailheavy_1_seed20260622_off1440,burden_proxy,burden,-0.7454026332561805,-142.37190295193048,91,0.37178617262373387,6
source_frozen_transfer,2,cfD_tailheavy_1_seed20260622_off1440,success_burden_proxy,signed,-0.7651643010506769,-42.78595147596525,91,0.37178617262373387,6
topk_expected_consequence,1,cfA_frontloaded_0_seed20260511_off1020,product_proxy,positive,0.06533945890760594,6.4,121,0.36277079329260553,9
topk_expected_consequence,1,cfA_frontloaded_0_seed20260511_off1020,additive_proxy,positive,0.061725758222981625,28.9,121,0.36277079329260553,9
topk_expected_consequence,1,cfA_frontloaded_0_seed20260511_off1020,backend_success_proxy,positive,0.27061310782241016,6.4,121,0.36277079329260553,9
topk_expected_consequence,1,cfA_frontloaded_0_seed20260511_off1020,recovery_aware_proxy,positive,0.06801275239107334,6.4,121,0.36277079329260553,9
topk_expected_consequence,1,cfA_frontloaded_0_seed20260511_off1020,burden_proxy,burden,-0.7838084192866397,-184.19497853236032,121,0.36277079329260553,9
topk_expected_consequence,1,cfA_frontloaded_0_seed20260511_off1020,success_burden_proxy,signed,-21.498084241855853,-85.69748926618016,121,0.36277079329260553,9
topk_expected_consequence,1,cfA_frontloaded_1_seed20260512_off1080,product_proxy,positive,0.07302231237322516,7.2,134,0.5923808443376258,6
topk_expected_consequence,1,cfA_frontloaded_1_seed20260512_off1080,additive_proxy,positive,0.07115302186026576,33.2,134,0.5923808443376258,6
topk_expected_consequence,1,cfA_frontloaded_1_seed20260512_off1080,backend_success_proxy,positive,0.289738430583501,7.2,134,0.5923808443376258,6
topk_expected_consequence,1,cfA_frontloaded_1_seed20260512_off1080,recovery_aware_proxy,positive,0.07627118644067796,7.2,134,0.5923808443376258,6
topk_expected_consequence,1,cfA_frontloaded_1_seed20260512_off1080,burden_proxy,burden,-0.8190190781786921,-191.65046429381397,134,0.5923808443376258,6
topk_expected_consequence,1,cfA_frontloaded_1_seed20260512_off1080,success_burden_proxy,signed,-15.423087496074052,-88.625232146907,134,0.5923808443376258,6
topk_expected_consequence,1,cfB_backloaded_0_seed20260521_off1140,product_proxy,positive,0.11035313001605135,13.749999999999998,75,0.306178791522794,4
topk_expected_consequence,1,cfB_backloaded_0_seed20260521_off1140,additive_proxy,positive,0.10756112595027738,52.35,75,0.306178791522794,4
topk_expected_consequence,1,cfB_backloaded_0_seed20260521_off1140,backend_success_proxy,positive,0.4050073637702504,13.749999999999998,75,0.306178791522794,4
topk_expected_consequence,1,cfB_backloaded_0_seed20260521_off1140,recovery_aware_proxy,positive,0.11593591905564923,13.749999999999998,75,0.306178791522794,4
topk_expected_consequence,1,cfB_backloaded_0_seed20260521_off1140,burden_proxy,burden,-0.5347439853611944,-111.76149294048962,75,0.306178791522794,4
topk_expected_consequence,1,cfB_backloaded_0_seed20260521_off1140,success_burden_proxy,signed,-3.0134047835233266,-42.13074647024481,75,0.306178791522794,4
topk_expected_consequence,1,cfB_backloaded_1_seed20260522_off1200,product_proxy,positive,0.09639999999999999,12.049999999999999,101,0.31366003428433686,9
topk_expected_consequence,1,cfB_backloaded_1_seed20260522_off1200,additive_proxy,positive,0.09448574969021066,45.75,101,0.31366003428433686,9
topk_expected_consequence,1,cfB_backloaded_1_seed20260522_off1200,backend_success_proxy,positive,0.21158911325724322,12.049999999999999,101,0.31366003428433686,9
topk_expected_consequence,1,cfB_backloaded_1_seed20260522_off1200,recovery_aware_proxy,positive,0.09938144329896907,12.049999999999999,101,0.31366003428433686,9
topk_expected_consequence,1,cfB_backloaded_1_seed20260522_off1200,burden_proxy,burden,-0.6597073832692051,-143.8162095526867,101,0.31366003428433686,9
topk_expected_consequence,1,cfB_backloaded_1_seed20260522_off1200,success_burden_proxy,signed,-2.273827470795192,-59.85810477634332,101,0.31366003428433686,9
topk_expected_consequence,1,cfC_interleaved_0_seed20260611_off1260,product_proxy,positive,0.06846361185983824,6.349999999999999,85,0.27375142978542716,10
topk_expected_consequence,1,cfC_interleaved_0_seed20260611_off1260,additive_proxy,positive,0.06035366478728859,23.550000000000004,85,0.27375142978542716,10
topk_expected_consequence,1,cfC_interleaved_0_seed20260611_off1260,backend_success_proxy,positive,0.20063191153238544,6.349999999999999,85,0.27375142978542716,10
topk_expected_consequence,1,cfC_interleaved_0_seed20260611_off1260,recovery_aware_proxy,positive,0.07303047728579642,6.349999999999999,85,0.27375142978542716,10
topk_expected_consequence,1,cfC_interleaved_0_seed20260611_off1260,burden_proxy,burden,-0.7039103125084173,-121.07257375144778,85,0.27375142978542716,10
topk_expected_consequence,1,cfC_interleaved_0_seed20260611_off1260,success_burden_proxy,signed,-3.5929050691870024,-54.186286875723894,85,0.27375142978542716,10
topk_expected_consequence,1,cfC_interleaved_1_seed20260612_off1320,product_proxy,positive,0.06321525885558582,5.800000000000001,87,0.4046804762386475,2
topk_expected_consequence,1,cfC_interleaved_1_seed20260612_off1320,additive_proxy,positive,0.06327319587628866,24.549999999999997,87,0.4046804762386475,2
topk_expected_consequence,1,cfC_interleaved_1_seed20260612_off1320,backend_success_proxy,positive,0.2421711899791232,5.800000000000001,87,0.4046804762386475,2
topk_expected_consequence,1,cfC_interleaved_1_seed20260612_off1320,recovery_aware_proxy,positive,0.06542583192329386,5.800000000000001,87,0.4046804762386475,2
topk_expected_consequence,1,cfC_interleaved_1_seed20260612_off1320,burden_proxy,burden,-0.6583324605935402,-134.29982196108222,87,0.4046804762386475,2
topk_expected_consequence,1,cfC_interleaved_1_seed20260612_off1320,success_burden_proxy,signed,-9.210294746608112,-61.34991098054111,87,0.4046804762386475,2
topk_expected_consequence,1,cfD_tailheavy_0_seed20260621_off1380,product_proxy,positive,0.0359364201796821,5.2,84,0.32960235035383684,5
topk_expected_consequence,1,cfD_tailheavy_0_seed20260621_off1380,additive_proxy,positive,0.03313063535332356,15.8,84,0.32960235035383684,5
topk_expected_consequence,1,cfD_tailheavy_0_seed20260621_off1380,backend_success_proxy,positive,0.07303370786516852,5.2,84,0.32960235035383684,5
topk_expected_consequence,1,cfD_tailheavy_0_seed20260621_off1380,recovery_aware_proxy,positive,0.036723163841807904,5.2,84,0.32960235035383684,5
topk_expected_consequence,1,cfD_tailheavy_0_seed20260621_off1380,burden_proxy,burden,-0.5709978429096654,-113.6285707390234,84,0.32960235035383684,5
topk_expected_consequence,1,cfD_tailheavy_0_seed20260621_off1380,success_burden_proxy,signed,-1.2018499808311618,-51.6142853695117,84,0.32960235035383684,5
topk_expected_consequence,1,cfD_tailheavy_1_seed20260622_off1440,product_proxy,positive,0.06561859193438141,9.600000000000001,71,0.23911816207522507,2
topk_expected_consequence,1,cfD_tailheavy_1_seed20260622_off1440,additive_proxy,positive,0.056001647107267884,27.2,71,0.23911816207522507,2
topk_expected_consequence,1,cfD_tailheavy_1_seed20260622_off1440,backend_success_proxy,positive,0.10859728506787329,9.600000000000001,71,0.23911816207522507,2
topk_expected_consequence,1,cfD_tailheavy_1_seed20260622_off1440,recovery_aware_proxy,positive,0.06871868289191126,9.600000000000001,71,0.23911816207522507,2
topk_expected_consequence,1,cfD_tailheavy_1_seed20260622_off1440,burden_proxy,burden,-0.5205345703427924,-99.42210293547335,71,0.23911816207522507,2
topk_expected_consequence,1,cfD_tailheavy_1_seed20260622_off1440,success_burden_proxy,signed,-0.7173276181075289,-40.11105146773668,71,0.23911816207522507,2
topk_expected_consequence,2,cfA_frontloaded_0_seed20260511_off1020,product_proxy,positive,0.14701378254211334,14.4,157,0.48291516682967184,10
topk_expected_consequence,2,cfA_frontloaded_0_seed20260511_off1020,additive_proxy,positive,0.1370140965399402,64.15,157,0.48291516682967184,10
topk_expected_consequence,2,cfA_frontloaded_0_seed20260511_off1020,backend_success_proxy,positive,0.6088794926004228,14.4,157,0.48291516682967184,10
topk_expected_consequence,2,cfA_frontloaded_0_seed20260511_off1020,recovery_aware_proxy,positive,0.153028692879915,14.4,157,0.48291516682967184,10
topk_expected_consequence,2,cfA_frontloaded_0_seed20260511_off1020,burden_proxy,burden,-1.0481260414318274,-246.30961973647942,157,0.48291516682967184,10
topk_expected_consequence,2,cfA_frontloaded_0_seed20260511_off1020,success_burden_proxy,signed,-27.28224693949248,-108.7548098682397,157,0.48291516682967184,10
topk_expected_consequence,2,cfA_frontloaded_1_seed20260512_off1080,product_proxy,positive,0.1328600405679513,13.1,158,0.6984477035106524,10
topk_expected_consequence,2,cfA_frontloaded_1_seed20260512_off1080,additive_proxy,positive,0.12826832404629232,59.85,158,0.6984477035106524,10
topk_expected_consequence,2,cfA_frontloaded_1_seed20260512_off1080,backend_success_proxy,positive,0.5271629778672031,13.1,158,0.6984477035106524,10
topk_expected_consequence,2,cfA_frontloaded_1_seed20260512_off1080,recovery_aware_proxy,positive,0.13877118644067796,13.1,158,0.6984477035106524,10
topk_expected_consequence,2,cfA_frontloaded_1_seed20260512_off1080,burden_proxy,burden,-1.0442512753602875,-244.35479843430727,158,0.6984477035106524,10
topk_expected_consequence,2,cfA_frontloaded_1_seed20260512_off1080,success_burden_proxy,signed,-18.982294671812287,-109.07739921715364,158,0.6984477035106524,10
topk_expected_consequence,2,cfB_backloaded_0_seed20260521_off1140,product_proxy,positive,0.1617174959871589,20.15,119,0.5896942819348472,6
topk_expected_consequence,2,cfB_backloaded_0_seed20260521_off1140,additive_proxy,positive,0.16262584754468873,79.15,119,0.5896942819348472,6
topk_expected_consequence,2,cfB_backloaded_0_seed20260521_off1140,backend_success_proxy,positive,0.593519882179676,20.15,119,0.5896942819348472,6
topk_expected_consequence,2,cfB_backloaded_0_seed20260521_off1140,recovery_aware_proxy,positive,0.16989881956155142,20.15,119,0.5896942819348472,6
topk_expected_consequence,2,cfB_backloaded_0_seed20260521_off1140,burden_proxy,burden,-0.8875405825243886,-185.49598174759723,119,0.5896942819348472,6
topk_expected_consequence,2,cfB_backloaded_0_seed20260521_off1140,success_burden_proxy,signed,-5.1925767118271615,-72.59799087379862,119,0.5896942819348472,6
topk_expected_consequence,2,cfB_backloaded_1_seed20260522_off1200,product_proxy,positive,0.14479999999999996,18.099999999999994,123,0.4106443551776726,10
topk_expected_consequence,2,cfB_backloaded_1_seed20260522_off1200,additive_proxy,positive,0.1381660470879802,66.9,123,0.4106443551776726,10
topk_expected_consequence,2,cfB_backloaded_1_seed20260522_off1200,backend_success_proxy,positive,0.31782265144863914,18.099999999999994,123,0.4106443551776726,10
topk_expected_consequence,2,cfB_backloaded_1_seed20260522_off1200,recovery_aware_proxy,positive,0.1492783505154639,18.099999999999994,123,0.4106443551776726,10
topk_expected_consequence,2,cfB_backloaded_1_seed20260522_off1200,burden_proxy,burden,-0.8337344273280184,-181.754105157508,123,0.4106443551776726,10
topk_expected_consequence,2,cfB_backloaded_1_seed20260522_off1200,success_burden_proxy,signed,-2.764579032620453,-72.77705257875401,123,0.4106443551776726,10
topk_expected_consequence,2,cfC_interleaved_0_seed20260611_off1260,product_proxy,positive,0.1401617250673854,13.0,102,0.40891730819550115,10
topk_expected_consequence,2,cfC_interleaved_0_seed20260611_off1260,additive_proxy,positive,0.12647360328036908,49.35,102,0.40891730819550115,10
topk_expected_consequence,2,cfC_interleaved_0_seed20260611_off1260,backend_success_proxy,positive,0.41074249605055296,13.0,102,0.40891730819550115,10
topk_expected_consequence,2,cfC_interleaved_0_seed20260611_off1260,recovery_aware_proxy,positive,0.14951121334100057,13.0,102,0.40891730819550115,10
topk_expected_consequence,2,cfC_interleaved_0_seed20260611_off1260,burden_proxy,burden,-0.8985548037517049,-154.55142624529324,102,0.40891730819550115,10
topk_expected_consequence,2,cfC_interleaved_0_seed20260611_off1260,success_burden_proxy,signed,-4.261899990187904,-64.27571312264662,102,0.40891730819550115,10
topk_expected_consequence,2,cfC_interleaved_1_seed20260612_off1320,product_proxy,positive,0.11662125340599451,10.7,122,0.5880298701476224,3
topk_expected_consequence,2,cfC_interleaved_1_seed20260612_off1320,additive_proxy,positive,0.1150773195876289,44.650000000000006,122,0.5880298701476224,3
topk_expected_consequence,2,cfC_interleaved_1_seed20260612_off1320,backend_success_proxy,positive,0.44676409185803756,10.7,122,0.5880298701476224,3
topk_expected_consequence,2,cfC_interleaved_1_seed20260612_off1320,recovery_aware_proxy,positive,0.1206993795826283,10.7,122,0.5880298701476224,3
topk_expected_consequence,2,cfC_interleaved_1_seed20260612_off1320,burden_proxy,burden,-0.9548617522107387,-194.79179745099069,122,0.5880298701476224,3
topk_expected_consequence,2,cfC_interleaved_1_seed20260612_off1320,success_burden_proxy,signed,-13.015418732020072,-86.69589872549534,122,0.5880298701476224,3
topk_expected_consequence,2,cfD_tailheavy_0_seed20260621_off1380,product_proxy,positive,0.0774015203870076,11.2,115,0.458521222088021,8
topk_expected_consequence,2,cfD_tailheavy_0_seed20260621_off1380,additive_proxy,positive,0.0687775214929755,32.8,115,0.458521222088021,8
topk_expected_consequence,2,cfD_tailheavy_0_seed20260621_off1380,backend_success_proxy,positive,0.1573033707865168,11.2,115,0.458521222088021,8
topk_expected_consequence,2,cfD_tailheavy_0_seed20260621_off1380,recovery_aware_proxy,positive,0.07909604519774009,11.2,115,0.458521222088021,8
topk_expected_consequence,2,cfD_tailheavy_0_seed20260621_off1380,burden_proxy,burden,-0.7949739279685979,-158.19981166575099,115,0.458521222088021,8
topk_expected_consequence,2,cfD_tailheavy_0_seed20260621_off1380,success_burden_proxy,signed,-1.5810642332729663,-67.89990583287549,115,0.458521222088021,8
topk_expected_consequence,2,cfD_tailheavy_1_seed20260622_off1440,product_proxy,positive,0.13670539986329458,20.0,96,0.3308502360026532,4
topk_expected_consequence,2,cfD_tailheavy_1_seed20260622_off1440,additive_proxy,positive,0.12106238418777027,58.8,96,0.3308502360026532,4
topk_expected_consequence,2,cfD_tailheavy_1_seed20260622_off1440,backend_success_proxy,positive,0.22624434389140266,20.0,96,0.3308502360026532,4
topk_expected_consequence,2,cfD_tailheavy_1_seed20260622_off1440,recovery_aware_proxy,positive,0.14316392269148176,20.0,96,0.3308502360026532,4
topk_expected_consequence,2,cfD_tailheavy_1_seed20260622_off1440,burden_proxy,burden,-0.7290633749726526,-139.25110461977664,96,0.3308502360026532,4
topk_expected_consequence,2,cfD_tailheavy_1_seed20260622_off1440,success_burden_proxy,signed,-0.8874805803671301,-49.62555230988833,96,0.3308502360026532,4
winner_replay,1,cfA_frontloaded_0_seed20260511_off1020,product_proxy,positive,0.07554874936191935,7.4,89,0.2752012540132598,6
winner_replay,1,cfA_frontloaded_0_seed20260511_off1020,additive_proxy,positive,0.07133703545493378,33.4,89,0.2752012540132598,6
winner_replay,1,cfA_frontloaded_0_seed20260511_off1020,backend_success_proxy,positive,0.3128964059196618,7.4,89,0.2752012540132598,6
winner_replay,1,cfA_frontloaded_0_seed20260511_off1020,recovery_aware_proxy,positive,0.07863974495217854,7.4,89,0.2752012540132598,6
winner_replay,1,cfA_frontloaded_0_seed20260511_off1020,burden_proxy,burden,-0.5977173863681534,-140.46358579651604,89,0.2752012540132598,6
winner_replay,1,cfA_frontloaded_0_seed20260511_off1020,success_burden_proxy,signed,-15.76199242661663,-62.83179289825804,89,0.2752012540132598,6
winner_replay,1,cfA_frontloaded_1_seed20260512_off1080,product_proxy,positive,0.06947261663286004,6.85,105,0.4541288925668436,4
winner_replay,1,cfA_frontloaded_1_seed20260512_off1080,additive_proxy,positive,0.06933133304757823,32.35,105,0.4541288925668436,4
winner_replay,1,cfA_frontloaded_1_seed20260512_off1080,backend_success_proxy,positive,0.27565392354124746,6.85,105,0.4541288925668436,4
winner_replay,1,cfA_frontloaded_1_seed20260512_off1080,recovery_aware_proxy,positive,0.07256355932203389,6.85,105,0.4541288925668436,4
winner_replay,1,cfA_frontloaded_1_seed20260512_off1080,burden_proxy,burden,-0.6705338505904097,-156.90492103815586,105,0.4541288925668436,4
winner_replay,1,cfA_frontloaded_1_seed20260512_off1080,success_burden_proxy,signed,-12.460684014788983,-71.60246051907792,105,0.4541288925668436,4
winner_replay,1,cfB_backloaded_0_seed20260521_off1140,product_proxy,positive,0.07343499197431783,9.15,57,0.2330015330849636,2
winner_replay,1,cfB_backloaded_0_seed20260521_off1140,additive_proxy,positive,0.07550852681323197,36.75,57,0.2330015330849636,2
winner_replay,1,cfB_backloaded_0_seed20260521_off1140,backend_success_proxy,positive,0.26951399116347574,9.15,57,0.2330015330849636,2
winner_replay,1,cfB_backloaded_0_seed20260521_off1140,recovery_aware_proxy,positive,0.07715008431703205,9.15,57,0.2330015330849636,2
winner_replay,1,cfB_backloaded_0_seed20260521_off1140,burden_proxy,burden,-0.42397983866498423,-88.6117862809817,57,0.2330015330849636,2
winner_replay,1,cfB_backloaded_0_seed20260521_off1140,success_burden_proxy,signed,-2.5145278789069234,-35.155893140490846,57,0.2330015330849636,2
winner_replay,1,cfB_backloaded_1_seed20260522_off1200,product_proxy,positive,0.07640000000000001,9.55,88,0.23146562660221526,8
winner_replay,1,cfB_backloaded_1_seed20260522_off1200,additive_proxy,positive,0.07610491532424618,36.85,88,0.23146562660221526,8
winner_replay,1,cfB_backloaded_1_seed20260522_off1200,backend_success_proxy,positive,0.1676909569798069,9.55,88,0.23146562660221526,8
winner_replay,1,cfB_backloaded_1_seed20260522_off1200,recovery_aware_proxy,positive,0.07876288659793816,9.55,88,0.23146562660221526,8
winner_replay,1,cfB_backloaded_1_seed20260522_off1200,burden_proxy,burden,-0.5646886024193908,-123.1021153274272,88,0.23146562660221526,8
winner_replay,1,cfB_backloaded_1_seed20260522_off1200,success_burden_proxy,signed,-1.9753621312929932,-52.0010576637136,88,0.23146562660221526,8
winner_replay,1,cfC_interleaved_0_seed20260611_off1260,product_proxy,positive,0.05121293800539082,4.75,77,0.24471670910423418,10
winner_replay,1,cfC_interleaved_0_seed20260611_off1260,additive_proxy,positive,0.04894925679138904,19.1,77,0.24471670910423418,10
winner_replay,1,cfC_interleaved_0_seed20260611_off1260,backend_success_proxy,positive,0.1500789889415482,4.75,77,0.24471670910423418,10
winner_replay,1,cfC_interleaved_0_seed20260611_off1260,recovery_aware_proxy,positive,0.05462909718228867,4.75,77,0.24471670910423418,10
winner_replay,1,cfC_interleaved_0_seed20260611_off1260,burden_proxy,burden,-0.6532129726580022,-112.35263129717637,77,0.24471670910423418,10
winner_replay,1,cfC_interleaved_0_seed20260611_off1260,success_burden_proxy,signed,-3.40990093318615,-51.42631564858818,77,0.24471670910423418,10
winner_replay,1,cfC_interleaved_1_seed20260612_off1320,product_proxy,positive,0.0746594005449591,6.8500000000000005,81,0.39159316821362355,3
winner_replay,1,cfC_interleaved_1_seed20260612_off1320,additive_proxy,positive,0.07190721649484537,27.9,81,0.39159316821362355,3
winner_replay,1,cfC_interleaved_1_seed20260612_off1320,backend_success_proxy,positive,0.28601252609603345,6.8500000000000005,81,0.39159316821362355,3
winner_replay,1,cfC_interleaved_1_seed20260612_off1320,recovery_aware_proxy,positive,0.0772701635645798,6.8500000000000005,81,0.39159316821362355,3
winner_replay,1,cfC_interleaved_1_seed20260612_off1320,burden_proxy,burden,-0.6325424079155485,-129.0386512147719,81,0.39159316821362355,3
winner_replay,1,cfC_interleaved_1_seed20260612_off1320,success_burden_proxy,signed,-8.65773850675365,-57.66932560738594,81,0.39159316821362355,3
winner_replay,1,cfD_tailheavy_0_seed20260621_off1380,product_proxy,positive,0.0359364201796821,5.2,68,0.24163899887967427,2
winner_replay,1,cfD_tailheavy_0_seed20260621_off1380,additive_proxy,positive,0.03313063535332356,15.8,68,0.24163899887967427,2
winner_replay,1,cfD_tailheavy_0_seed20260621_off1380,backend_success_proxy,positive,0.07303370786516852,5.2,68,0.24163899887967427,2
winner_replay,1,cfD_tailheavy_0_seed20260621_off1380,recovery_aware_proxy,positive,0.036723163841807904,5.2,68,0.24163899887967427,2
winner_replay,1,cfD_tailheavy_0_seed20260621_off1380,burden_proxy,burden,-0.449346724544574,-89.41999818437023,68,0.24163899887967427,2
winner_replay,1,cfD_tailheavy_0_seed20260621_off1380,success_burden_proxy,signed,-0.9199990140642557,-39.50999909218512,68,0.24163899887967427,2
winner_replay,1,cfD_tailheavy_1_seed20260622_off1440,product_proxy,positive,0.04647983595352016,6.800000000000001,58,0.17481642474415282,2
winner_replay,1,cfD_tailheavy_1_seed20260622_off1440,additive_proxy,positive,0.04406011941527693,21.4,58,0.17481642474415282,2
winner_replay,1,cfD_tailheavy_1_seed20260622_off1440,backend_success_proxy,positive,0.07692307692307691,6.800000000000001,58,0.17481642474415282,2
winner_replay,1,cfD_tailheavy_1_seed20260622_off1440,recovery_aware_proxy,positive,0.0486757337151038,6.800000000000001,58,0.17481642474415282,2
winner_replay,1,cfD_tailheavy_1_seed20260622_off1440,burden_proxy,burden,-0.4196486801718854,-80.15289791283011,58,0.17481642474415282,2
winner_replay,1,cfD_tailheavy_1_seed20260622_off1440,success_burden_proxy,signed,-0.5951007264963349,-33.27644895641506,58,0.17481642474415282,2
winner_replay,2,cfA_frontloaded_0_seed20260511_off1020,product_proxy,positive,0.14701378254211334,14.4,142,0.4685264400051867,9
winner_replay,2,cfA_frontloaded_0_seed20260511_off1020,additive_proxy,positive,0.1370140965399402,64.15,142,0.4685264400051867,9
winner_replay,2,cfA_frontloaded_0_seed20260511_off1020,backend_success_proxy,positive,0.6088794926004228,14.4,142,0.4685264400051867,9
winner_replay,2,cfA_frontloaded_0_seed20260511_off1020,recovery_aware_proxy,positive,0.153028692879915,14.4,142,0.4685264400051867,9
winner_replay,2,cfA_frontloaded_0_seed20260511_off1020,burden_proxy,burden,-0.9723117567296651,-228.4932628314713,142,0.4685264400051867,9
winner_replay,2,cfA_frontloaded_0_seed20260511_off1020,success_burden_proxy,signed,-25.047540036719838,-99.84663141573564,142,0.4685264400051867,9
winner_replay,2,cfA_frontloaded_1_seed20260512_off1080,product_proxy,positive,0.14300202839756593,14.1,152,0.6449030650985412,9
winner_replay,2,cfA_frontloaded_1_seed20260512_off1080,additive_proxy,positive,0.13791255893699098,64.35,152,0.6449030650985412,9
winner_replay,2,cfA_frontloaded_1_seed20260512_off1080,backend_success_proxy,positive,0.5674044265593561,14.1,152,0.6449030650985412,9
winner_replay,2,cfA_frontloaded_1_seed20260512_off1080,recovery_aware_proxy,positive,0.149364406779661,14.1,152,0.6449030650985412,9
winner_replay,2,cfA_frontloaded_1_seed20260512_off1080,burden_proxy,burden,-0.996289356387515,-233.13170939467852,152,0.6449030650985412,9
winner_replay,2,cfA_frontloaded_1_seed20260512_off1080,success_burden_proxy,signed,-17.83171455886818,-102.46585469733925,152,0.6449030650985412,9
winner_replay,2,cfB_backloaded_0_seed20260521_off1140,product_proxy,positive,0.13643659711075437,16.999999999999993,125,0.5363040544886392,7
winner_replay,2,cfB_backloaded_0_seed20260521_off1140,additive_proxy,positive,0.1419765769467845,69.10000000000002,125,0.5363040544886392,7
winner_replay,2,cfB_backloaded_0_seed20260521_off1140,backend_success_proxy,positive,0.5007363770250367,16.999999999999993,125,0.5363040544886392,7
winner_replay,2,cfB_backloaded_0_seed20260521_off1140,recovery_aware_proxy,positive,0.14333895446880265,16.999999999999993,125,0.5363040544886392,7
winner_replay,2,cfB_backloaded_0_seed20260521_off1140,burden_proxy,burden,-0.9104778605794304,-190.28987286110095,125,0.5363040544886392,7
winner_replay,2,cfB_backloaded_0_seed20260521_off1140,success_burden_proxy,signed,-5.589322406481889,-78.14493643055047,125,0.5363040544886392,7
winner_replay,2,cfB_backloaded_1_seed20260522_off1200,product_proxy,positive,0.15319999999999992,19.14999999999999,111,0.3472461946006029,8
winner_replay,2,cfB_backloaded_1_seed20260522_off1200,additive_proxy,positive,0.14508467575382078,70.25000000000001,111,0.3472461946006029,8
winner_replay,2,cfB_backloaded_1_seed20260522_off1200,backend_success_proxy,positive,0.33625987708516236,19.14999999999999,111,0.3472461946006029,8
winner_replay,2,cfB_backloaded_1_seed20260522_off1200,recovery_aware_proxy,positive,0.15793814432989686,19.14999999999999,111,0.3472461946006029,8
winner_replay,2,cfB_backloaded_1_seed20260522_off1200,burden_proxy,burden,-0.7464756343720774,-162.73168829311288,111,0.3472461946006029,8
winner_replay,2,cfB_backloaded_1_seed20260522_off1200,success_burden_proxy,signed,-2.3633908234772956,-62.215844146556435,111,0.3472461946006029,8
winner_replay,2,cfC_interleaved_0_seed20260611_off1260,product_proxy,positive,0.12345013477088944,11.45,99,0.38758343896759434,11
winner_replay,2,cfC_interleaved_0_seed20260611_off1260,additive_proxy,positive,0.11212198872373144,43.75,99,0.38758343896759434,11
winner_replay,2,cfC_interleaved_0_seed20260611_off1260,backend_success_proxy,positive,0.3617693522906793,11.45,99,0.38758343896759434,11
winner_replay,2,cfC_interleaved_0_seed20260611_off1260,recovery_aware_proxy,positive,0.13168487636572743,11.45,99,0.38758343896759434,11
winner_replay,2,cfC_interleaved_0_seed20260611_off1260,burden_proxy,burden,-0.8695547606472207,-149.56341883132197,99,0.38758343896759434,11
winner_replay,2,cfC_interleaved_0_seed20260611_off1260,success_burden_proxy,signed,-4.199306372877698,-63.33170941566097,99,0.38758343896759434,11
winner_replay,2,cfC_interleaved_1_seed20260612_off1320,product_proxy,positive,0.12697547683923702,11.65,117,0.5481279333360345,5
winner_replay,2,cfC_interleaved_1_seed20260612_off1320,additive_proxy,positive,0.12358247422680417,47.95000000000001,117,0.5481279333360345,5
winner_replay,2,cfC_interleaved_1_seed20260612_off1320,backend_success_proxy,positive,0.4864300626304802,11.65,117,0.5481279333360345,5
winner_replay,2,cfC_interleaved_1_seed20260612_off1320,recovery_aware_proxy,positive,0.1314156796390299,11.65,117,0.5481279333360345,5
winner_replay,2,cfC_interleaved_1_seed20260612_off1320,burden_proxy,burden,-0.9337498967430804,-190.4849789355884,117,0.5481279333360345,5
winner_replay,2,cfC_interleaved_1_seed20260612_off1320,success_burden_proxy,signed,-12.549512367594442,-83.5924894677942,117,0.5481279333360345,5
winner_replay,2,cfD_tailheavy_0_seed20260621_off1380,product_proxy,positive,0.0608154803040774,8.8,108,0.36356667541960164,5
winner_replay,2,cfD_tailheavy_0_seed20260621_off1380,additive_proxy,positive,0.05451876703711473,26.0,108,0.36356667541960164,5
winner_replay,2,cfD_tailheavy_0_seed20260621_off1380,backend_success_proxy,positive,0.12359550561797751,8.8,108,0.36356667541960164,5
winner_replay,2,cfD_tailheavy_0_seed20260621_off1380,recovery_aware_proxy,positive,0.06214689265536723,8.8,108,0.36356667541960164,5
winner_replay,2,cfD_tailheavy_0_seed20260621_off1380,burden_proxy,burden,-0.717456039228624,-142.77375180649616,108,0.36356667541960164,5
winner_replay,2,cfD_tailheavy_0_seed20260621_off1380,success_burden_proxy,signed,-1.4573491634359257,-62.58687590324809,108,0.36356667541960164,5
winner_replay,2,cfD_tailheavy_1_seed20260622_off1440,product_proxy,positive,0.12030075187969926,17.6,89,0.3597911092414893,3
winner_replay,2,cfD_tailheavy_1_seed20260622_off1440,additive_proxy,positive,0.1070619724109533,52.0,89,0.3597911092414893,3
winner_replay,2,cfD_tailheavy_1_seed20260622_off1440,backend_success_proxy,positive,0.19909502262443435,17.6,89,0.3597911092414893,3
winner_replay,2,cfD_tailheavy_1_seed20260622_off1440,recovery_aware_proxy,positive,0.12598425196850396,17.6,89,0.3597911092414893,3
winner_replay,2,cfD_tailheavy_1_seed20260622_off1440,burden_proxy,burden,-0.6962549921533815,-132.98470350129585,89,0.3597911092414893,3
winner_replay,2,cfD_tailheavy_1_seed20260622_off1440,success_burden_proxy,signed,-0.8743683583856627,-48.892351750647926,89,0.3597911092414893,3
TRBG-source,1,cfA_frontloaded_0_seed20260511_off1020,product_proxy,positive,0.0908626850433895,8.9,128,0.3488381217145523,9
TRBG-source,1,cfA_frontloaded_0_seed20260511_off1020,additive_proxy,positive,0.08521999145664245,39.9,128,0.3488381217145523,9
TRBG-source,1,cfA_frontloaded_0_seed20260511_off1020,backend_success_proxy,positive,0.37632135306553915,8.9,128,0.3488381217145523,9
TRBG-source,1,cfA_frontloaded_0_seed20260511_off1020,recovery_aware_proxy,positive,0.09458023379383636,8.9,128,0.3488381217145523,9
TRBG-source,1,cfA_frontloaded_0_seed20260511_off1020,burden_proxy,burden,-0.8234836605572774,-193.5186602309602,128,0.3488381217145523,9
TRBG-source,1,cfA_frontloaded_0_seed20260511_off1020,success_burden_proxy,signed,-22.040403942160964,-87.85933011548009,128,0.3488381217145523,9
TRBG-native-burden,1,cfA_frontloaded_0_seed20260511_off1020,product_proxy,positive,0.09596733027054621,9.4,132,0.36640978944617053,9
TRBG-native-burden,1,cfA_frontloaded_0_seed20260511_off1020,additive_proxy,positive,0.09002563007261853,42.15,132,0.36640978944617053,9
TRBG-native-burden,1,cfA_frontloaded_0_seed20260511_off1020,backend_success_proxy,positive,0.39746300211416496,9.4,132,0.36640978944617053,9
TRBG-native-burden,1,cfA_frontloaded_0_seed20260511_off1020,recovery_aware_proxy,positive,0.09989373007438895,9.4,132,0.36640978944617053,9
TRBG-native-burden,1,cfA_frontloaded_0_seed20260511_off1020,burden_proxy,burden,-0.8493436268342688,-199.59575230605316,132,0.36640978944617053,9
TRBG-native-burden,1,cfA_frontloaded_0_seed20260511_off1020,success_burden_proxy,signed,-22.677223959110297,-90.3978761530266,132,0.36640978944617053,9
TRBG-source,2,cfA_frontloaded_0_seed20260511_off1020,product_proxy,positive,0.19806023481368046,19.4,160,0.5419715054746794,9
TRBG-source,2,cfA_frontloaded_0_seed20260511_off1020,additive_proxy,positive,0.1845365228534814,86.4,160,0.5419715054746794,9
TRBG-source,2,cfA_frontloaded_0_seed20260511_off1020,backend_success_proxy,positive,0.8202959830866807,19.4,160,0.5419715054746794,9
TRBG-source,2,cfA_frontloaded_0_seed20260511_off1020,recovery_aware_proxy,positive,0.206163655685441,19.4,160,0.5419715054746794,9
TRBG-source,2,cfA_frontloaded_0_seed20260511_off1020,burden_proxy,burden,-1.102366730730456,-259.0561817216572,160,0.5419715054746794,9
TRBG-source,2,cfA_frontloaded_0_seed20260511_off1020,success_burden_proxy,signed,-27.626748402945115,-110.12809086082859,160,0.5419715054746794,9
TRBG-native-burden,2,cfA_frontloaded_0_seed20260511_off1020,product_proxy,positive,0.19295558958652376,18.9,163,0.5458118012378219,10
TRBG-native-burden,2,cfA_frontloaded_0_seed20260511_off1020,additive_proxy,positive,0.17973088423750533,84.15,163,0.5458118012378219,10
TRBG-native-burden,2,cfA_frontloaded_0_seed20260511_off1020,backend_success_proxy,positive,0.7991543340380549,18.9,163,0.5458118012378219,10
TRBG-native-burden,2,cfA_frontloaded_0_seed20260511_off1020,recovery_aware_proxy,positive,0.2008501594048884,18.9,163,0.5458118012378219,10
TRBG-native-burden,2,cfA_frontloaded_0_seed20260511_off1020,burden_proxy,burden,-1.119269248286593,-263.02827334734934,163,0.5458118012378219,10
TRBG-native-burden,2,cfA_frontloaded_0_seed20260511_off1020,success_burden_proxy,signed,-28.250398206122835,-112.61413667367468,163,0.5458118012378219,10
TRBG-source,1,cfA_frontloaded_1_seed20260512_off1080,product_proxy,positive,0.09330628803245436,9.2,107,0.4310981677246504,6
TRBG-source,1,cfA_frontloaded_1_seed20260512_off1080,additive_proxy,positive,0.08990570081440206,41.95,107,0.4310981677246504,6
TRBG-source,1,cfA_frontloaded_1_seed20260512_off1080,backend_success_proxy,positive,0.37022132796780677,9.2,107,0.4310981677246504,6
TRBG-source,1,cfA_frontloaded_1_seed20260512_off1080,recovery_aware_proxy,positive,0.09745762711864406,9.2,107,0.4310981677246504,6
TRBG-source,1,cfA_frontloaded_1_seed20260512_off1080,burden_proxy,burden,-0.6905278485446872,-161.5835165594568,107,0.4310981677246504,6
TRBG-source,1,cfA_frontloaded_1_seed20260512_off1080,success_burden_proxy,signed,-12.458821547747789,-71.5917582797284,107,0.4310981677246504,6
TRBG-native-burden,1,cfA_frontloaded_1_seed20260512_off1080,product_proxy,positive,0.10243407707910751,10.1,122,0.5612285683083411,7
TRBG-native-burden,1,cfA_frontloaded_1_seed20260512_off1080,additive_proxy,positive,0.09987141020145734,46.6,122,0.5612285683083411,7
TRBG-native-burden,1,cfA_frontloaded_1_seed20260512_off1080,backend_success_proxy,positive,0.4064386317907444,10.1,122,0.5612285683083411,7
TRBG-native-burden,1,cfA_frontloaded_1_seed20260512_off1080,recovery_aware_proxy,positive,0.1069915254237288,10.1,122,0.5612285683083411,7
TRBG-native-burden,1,cfA_frontloaded_1_seed20260512_off1080,burden_proxy,burden,-0.790468034993834,-184.96952018855717,122,0.5612285683083411,7
TRBG-native-burden,1,cfA_frontloaded_1_seed20260512_off1080,success_burden_proxy,signed,-14.337083610352758,-82.38476009427859,122,0.5612285683083411,7
TRBG-source,2,cfA_frontloaded_1_seed20260512_off1080,product_proxy,positive,0.18103448275862072,17.85,159,0.7012410424773575,10
TRBG-source,2,cfA_frontloaded_1_seed20260512_off1080,additive_proxy,positive,0.17327475353621943,80.85,159,0.7012410424773575,10
TRBG-source,2,cfA_frontloaded_1_seed20260512_off1080,backend_success_proxy,positive,0.7183098591549296,17.85,159,0.7012410424773575,10
TRBG-source,2,cfA_frontloaded_1_seed20260512_off1080,recovery_aware_proxy,positive,0.18908898305084745,17.85,159,0.7012410424773575,10
TRBG-source,2,cfA_frontloaded_1_seed20260512_off1080,burden_proxy,burden,-1.0779259771926442,-252.23467866307874,159,0.7012410424773575,10
TRBG-source,2,cfA_frontloaded_1_seed20260512_off1080,success_burden_proxy,signed,-18.84132325554362,-108.26733933153935,159,0.7012410424773575,10
TRBG-native-burden,2,cfA_frontloaded_1_seed20260512_off1080,product_proxy,positive,0.18103448275862072,17.85,156,0.6949831130301592,10
TRBG-native-burden,2,cfA_frontloaded_1_seed20260512_off1080,additive_proxy,positive,0.17327475353621943,80.85,156,0.6949831130301592,10
TRBG-native-burden,2,cfA_frontloaded_1_seed20260512_off1080,backend_success_proxy,positive,0.7183098591549296,17.85,156,0.6949831130301592,10
TRBG-native-burden,2,cfA_frontloaded_1_seed20260512_off1080,recovery_aware_proxy,positive,0.18908898305084745,17.85,156,0.6949831130301592,10
TRBG-native-burden,2,cfA_frontloaded_1_seed20260512_off1080,burden_proxy,burden,-1.0627769904456037,-248.6898157642713,156,0.6949831130301592,10
TRBG-native-burden,2,cfA_frontloaded_1_seed20260512_off1080,success_burden_proxy,signed,-18.532874243194254,-106.49490788213564,156,0.6949831130301592,10
TRBG-source,1,cfB_backloaded_0_seed20260521_off1140,product_proxy,positive,0.1516853932584269,18.89999999999999,89,0.4425078215143803,5
TRBG-source,1,cfB_backloaded_0_seed20260521_off1140,additive_proxy,positive,0.14218204232586812,69.20000000000002,89,0.4425078215143803,5
TRBG-source,1,cfB_backloaded_0_seed20260521_off1140,backend_success_proxy,positive,0.5567010309278349,18.89999999999999,89,0.4425078215143803,5
TRBG-source,1,cfB_backloaded_0_seed20260521_off1140,recovery_aware_proxy,positive,0.15935919055649234,18.89999999999999,89,0.4425078215143803,5
TRBG-source,1,cfB_backloaded_0_seed20260521_off1140,burden_proxy,burden,-0.6423894235384021,-134.25938951952605,89,0.4425078215143803,5
TRBG-source,1,cfB_backloaded_0_seed20260521_off1140,success_burden_proxy,signed,-3.4496325148092106,-48.22969475976304,89,0.4425078215143803,5
TRBG-native-burden,1,cfB_backloaded_0_seed20260521_off1140,product_proxy,positive,0.12640449438202245,15.749999999999996,87,0.3522869625218147,4
TRBG-native-burden,1,cfB_backloaded_0_seed20260521_off1140,additive_proxy,positive,0.12584754468871998,61.25000000000001,87,0.3522869625218147,4
TRBG-native-burden,1,cfB_backloaded_0_seed20260521_off1140,backend_success_proxy,positive,0.46391752577319584,15.749999999999996,87,0.3522869625218147,4
TRBG-native-burden,1,cfB_backloaded_0_seed20260521_off1140,recovery_aware_proxy,positive,0.13279932546374365,15.749999999999996,87,0.3522869625218147,4
TRBG-native-burden,1,cfB_backloaded_0_seed20260521_off1140,burden_proxy,burden,-0.6231673312194719,-130.2419722248696,87,0.3522869625218147,4
TRBG-native-burden,1,cfB_backloaded_0_seed20260521_off1140,success_burden_proxy,signed,-3.531263463930036,-49.37098611243482,87,0.3522869625218147,4
TRBG-source,2,cfB_backloaded_0_seed20260521_off1140,product_proxy,positive,0.21348314606741564,26.599999999999987,137,0.6862687339542727,7
TRBG-source,2,cfB_backloaded_0_seed20260521_off1140,additive_proxy,positive,0.20628724059995898,100.40000000000003,137,0.6862687339542727,7
TRBG-source,2,cfB_backloaded_0_seed20260521_off1140,backend_success_proxy,positive,0.783505154639175,26.599999999999987,137,0.6862687339542727,7
TRBG-source,2,cfB_backloaded_0_seed20260521_off1140,recovery_aware_proxy,positive,0.22428330522765588,26.599999999999987,137,0.6862687339542727,7
TRBG-source,2,cfB_backloaded_0_seed20260521_off1140,burden_proxy,burden,-1.0211241175888948,-213.414940576079,137,0.6862687339542727,7
TRBG-source,2,cfB_backloaded_0_seed20260521_off1140,success_burden_proxy,signed,-5.729692787010529,-80.1074702880395,137,0.6862687339542727,7
TRBG-native-burden,2,cfB_backloaded_0_seed20260521_off1140,product_proxy,positive,0.196629213483146,24.49999999999999,132,0.6531495926159147,7
TRBG-native-burden,2,cfB_backloaded_0_seed20260521_off1140,additive_proxy,positive,0.19252106020135615,93.70000000000003,132,0.6531495926159147,7
TRBG-native-burden,2,cfB_backloaded_0_seed20260521_off1140,backend_success_proxy,positive,0.7216494845360822,24.49999999999999,132,0.6531495926159147,7
TRBG-native-burden,2,cfB_backloaded_0_seed20260521_off1140,recovery_aware_proxy,positive,0.20657672849915676,24.49999999999999,132,0.6531495926159147,7
TRBG-native-burden,2,cfB_backloaded_0_seed20260521_off1140,burden_proxy,burden,-0.992148933364302,-207.35912707313912,132,0.6531495926159147,7
TRBG-native-burden,2,cfB_backloaded_0_seed20260521_off1140,success_burden_proxy,signed,-5.663324187405536,-79.17956353656953,132,0.6531495926159147,7
TRBG-source,1,cfB_backloaded_1_seed20260522_off1200,product_proxy,positive,0.10479999999999999,13.1,99,0.31279606508074065,7
TRBG-source,1,cfB_backloaded_1_seed20260522_off1200,additive_proxy,positive,0.10140437835605122,49.1,99,0.31279606508074065,7
TRBG-source,1,cfB_backloaded_1_seed20260522_off1200,backend_success_proxy,positive,0.2300263388937665,13.1,99,0.31279606508074065,7
TRBG-source,1,cfB_backloaded_1_seed20260522_off1200,recovery_aware_proxy,positive,0.10804123711340208,13.1,99,0.31279606508074065,7
TRBG-source,1,cfB_backloaded_1_seed20260522_off1200,burden_proxy,burden,-0.6537274353768991,-142.51258091216403,99,0.31279606508074065,7
TRBG-source,1,cfB_backloaded_1_seed20260522_off1200,success_burden_proxy,signed,-2.209180717175753,-58.156290456082,99,0.31279606508074065,7
TRBG-native-burden,1,cfB_backloaded_1_seed20260522_off1200,product_proxy,positive,0.09639999999999999,12.049999999999999,106,0.3151176492526929,8
TRBG-native-burden,1,cfB_backloaded_1_seed20260522_off1200,additive_proxy,positive,0.09448574969021066,45.75,106,0.3151176492526929,8
TRBG-native-burden,1,cfB_backloaded_1_seed20260522_off1200,backend_success_proxy,positive,0.21158911325724322,12.049999999999999,106,0.3151176492526929,8
TRBG-native-burden,1,cfB_backloaded_1_seed20260522_off1200,recovery_aware_proxy,positive,0.09938144329896907,12.049999999999999,106,0.3151176492526929,8
TRBG-native-burden,1,cfB_backloaded_1_seed20260522_off1200,burden_proxy,burden,-0.6892286603209927,-150.25184794997642,106,0.3151176492526929,8
TRBG-native-burden,1,cfB_backloaded_1_seed20260522_off1200,success_burden_proxy,signed,-2.396062642076836,-63.0759239749882,106,0.3151176492526929,8
TRBG-source,2,cfB_backloaded_1_seed20260522_off1200,product_proxy,positive,0.16159999999999994,20.199999999999992,125,0.45682348689510355,9
TRBG-source,2,cfB_backloaded_1_seed20260522_off1200,additive_proxy,positive,0.15200330441966134,73.60000000000002,125,0.45682348689510355,9
TRBG-source,2,cfB_backloaded_1_seed20260522_off1200,backend_success_proxy,positive,0.35469710272168564,20.199999999999992,125,0.45682348689510355,9
TRBG-source,2,cfB_backloaded_1_seed20260522_off1200,recovery_aware_proxy,positive,0.16659793814432985,20.199999999999992,125,0.45682348689510355,9
TRBG-source,2,cfB_backloaded_1_seed20260522_off1200,burden_proxy,burden,-0.8692628912862378,-189.49931030039983,125,0.45682348689510355,9
TRBG-source,2,cfB_backloaded_1_seed20260522_off1200,success_burden_proxy,signed,-2.831914816752209,-74.54965515019991,125,0.45682348689510355,9
TRBG-native-burden,2,cfB_backloaded_1_seed20260522_off1200,product_proxy,positive,0.16999999999999996,21.249999999999993,127,0.45468341383930827,9
TRBG-native-burden,2,cfB_backloaded_1_seed20260522_off1200,additive_proxy,positive,0.1589219330855019,76.95000000000002,127,0.45468341383930827,9
TRBG-native-burden,2,cfB_backloaded_1_seed20260522_off1200,backend_success_proxy,positive,0.3731343283582089,21.249999999999993,127,0.45468341383930827,9
TRBG-native-burden,2,cfB_backloaded_1_seed20260522_off1200,recovery_aware_proxy,positive,0.17525773195876285,21.249999999999993,127,0.45468341383930827,9
TRBG-native-burden,2,cfB_backloaded_1_seed20260522_off1200,burden_proxy,burden,-0.8775600685222039,-191.30809493784045,127,0.45468341383930827,9
TRBG-native-burden,2,cfB_backloaded_1_seed20260522_off1200,success_burden_proxy,signed,-2.826383623492923,-74.40404746892023,127,0.45468341383930827,9
TRBG-source,1,cfC_interleaved_0_seed20260611_off1260,product_proxy,positive,0.07331536388140159,6.799999999999999,94,0.4266987404158381,9
TRBG-source,1,cfC_interleaved_0_seed20260611_off1260,additive_proxy,positive,0.06906714505381857,26.950000000000003,94,0.4266987404158381,9
TRBG-source,1,cfC_interleaved_0_seed20260611_off1260,backend_success_proxy,positive,0.21484992101105843,6.799999999999999,94,0.4266987404158381,9
TRBG-source,1,cfC_interleaved_0_seed20260611_off1260,recovery_aware_proxy,positive,0.07820586543990798,6.799999999999999,94,0.4266987404158381,9
TRBG-source,1,cfC_interleaved_0_seed20260611_off1260,burden_proxy,burden,-0.8216254340465068,-141.31957465599916,94,0.4266987404158381,9
TRBG-source,1,cfC_interleaved_0_seed20260611_off1260,success_burden_proxy,signed,-4.234321390838213,-63.859787327999584,94,0.4266987404158381,9
TRBG-native-burden,1,cfC_interleaved_0_seed20260611_off1260,product_proxy,positive,0.06792452830188676,6.299999999999999,95,0.41566153068309647,10
TRBG-native-burden,1,cfC_interleaved_0_seed20260611_off1260,additive_proxy,positive,0.06330087134802667,24.700000000000003,95,0.41566153068309647,10
TRBG-native-burden,1,cfC_interleaved_0_seed20260611_off1260,backend_success_proxy,positive,0.19905213270142177,6.299999999999999,95,0.41566153068309647,10
TRBG-native-burden,1,cfC_interleaved_0_seed20260611_off1260,recovery_aware_proxy,positive,0.0724554341575618,6.299999999999999,95,0.41566153068309647,10
TRBG-native-burden,1,cfC_interleaved_0_seed20260611_off1260,burden_proxy,burden,-0.8281658972774962,-142.44453433172936,95,0.41566153068309647,10
TRBG-native-burden,1,cfC_interleaved_0_seed20260611_off1260,success_burden_proxy,signed,-4.304770750177591,-64.92226716586468,95,0.41566153068309647,10
TRBG-source,2,cfC_interleaved_0_seed20260611_off1260,product_proxy,positive,0.16226415094339622,15.050000000000004,110,0.5280593525576166,12
TRBG-source,2,cfC_interleaved_0_seed20260611_off1260,additive_proxy,positive,0.1465914915427986,57.2,110,0.5280593525576166,12
TRBG-source,2,cfC_interleaved_0_seed20260611_off1260,backend_success_proxy,positive,0.47551342812006336,15.050000000000004,110,0.5280593525576166,12
TRBG-source,2,cfC_interleaved_0_seed20260611_off1260,recovery_aware_proxy,positive,0.17308798159861993,15.050000000000004,110,0.5280593525576166,12
TRBG-source,2,cfC_interleaved_0_seed20260611_off1260,burden_proxy,burden,-1.0139438452264486,-174.39834137894917,110,0.5280593525576166,12
TRBG-source,2,cfC_interleaved_0_seed20260611_off1260,success_burden_proxy,signed,-4.783961700538436,-72.1491706894746,110,0.5280593525576166,12
TRBG-native-burden,2,cfC_interleaved_0_seed20260611_off1260,product_proxy,positive,0.16765498652291105,15.550000000000004,114,0.535576756060267,12
TRBG-native-burden,2,cfC_interleaved_0_seed20260611_off1260,additive_proxy,positive,0.15235776524859052,59.45000000000001,114,0.535576756060267,12
TRBG-native-burden,2,cfC_interleaved_0_seed20260611_off1260,backend_success_proxy,positive,0.4913112164297,15.550000000000004,114,0.535576756060267,12
TRBG-native-burden,2,cfC_interleaved_0_seed20260611_off1260,recovery_aware_proxy,positive,0.1788384128809661,15.550000000000004,114,0.535576756060267,12
TRBG-native-burden,2,cfC_interleaved_0_seed20260611_off1260,burden_proxy,burden,-1.0430236819574925,-179.4000732966887,114,0.535576756060267,12
TRBG-native-burden,2,cfC_interleaved_0_seed20260611_off1260,success_burden_proxy,signed,-4.916632194511839,-74.15003664834435,114,0.535576756060267,12
TRBG-source,1,cfC_interleaved_1_seed20260612_off1320,product_proxy,positive,0.12425068119891003,11.399999999999999,81,0.32274721609078877,3
TRBG-source,1,cfC_interleaved_1_seed20260612_off1320,additive_proxy,positive,0.1150773195876289,44.650000000000006,81,0.32274721609078877,3
TRBG-source,1,cfC_interleaved_1_seed20260612_off1320,backend_success_proxy,positive,0.47599164926931103,11.399999999999999,81,0.32274721609078877,3
TRBG-source,1,cfC_interleaved_1_seed20260612_off1320,recovery_aware_proxy,positive,0.12859560067681894,11.399999999999999,81,0.32274721609078877,3
TRBG-source,1,cfC_interleaved_1_seed20260612_off1320,burden_proxy,burden,-0.621749462756913,-126.83689040241025,81,0.32274721609078877,3
TRBG-source,1,cfC_interleaved_1_seed20260612_off1320,success_burden_proxy,signed,-7.809387249401935,-52.018445201205125,81,0.32274721609078877,3
TRBG-native-burden,1,cfC_interleaved_1_seed20260612_off1320,product_proxy,positive,0.11280653950953673,10.349999999999998,98,0.3662324085381274,5
TRBG-native-burden,1,cfC_interleaved_1_seed20260612_off1320,additive_proxy,positive,0.10644329896907218,41.3,98,0.3662324085381274,5
TRBG-native-burden,1,cfC_interleaved_1_seed20260612_off1320,backend_success_proxy,positive,0.43215031315240077,10.349999999999998,98,0.3662324085381274,5
TRBG-native-burden,1,cfC_interleaved_1_seed20260612_off1320,recovery_aware_proxy,positive,0.11675126903553297,10.349999999999998,98,0.3662324085381274,5
TRBG-native-burden,1,cfC_interleaved_1_seed20260612_off1320,burden_proxy,burden,-0.7267108227567807,-148.24900784238326,98,0.3662324085381274,5
TRBG-native-burden,1,cfC_interleaved_1_seed20260612_off1320,success_burden_proxy,signed,-9.574292269457322,-63.774503921191624,98,0.3662324085381274,5
TRBG-source,2,cfC_interleaved_1_seed20260612_off1320,product_proxy,positive,0.2021798365122614,18.54999999999999,104,0.5101581741796154,4
TRBG-source,2,cfC_interleaved_1_seed20260612_off1320,additive_proxy,positive,0.19252577319587635,74.70000000000002,104,0.5101581741796154,4
TRBG-source,2,cfC_interleaved_1_seed20260612_off1320,backend_success_proxy,positive,0.774530271398747,18.54999999999999,104,0.5101581741796154,4
TRBG-source,2,cfC_interleaved_1_seed20260612_off1320,recovery_aware_proxy,positive,0.20924985899605175,18.54999999999999,104,0.5101581741796154,4
TRBG-source,2,cfC_interleaved_1_seed20260612_off1320,burden_proxy,burden,-0.8878460231545448,-181.12058872352713,104,0.5101581741796154,4
TRBG-source,2,cfC_interleaved_1_seed20260612_off1320,success_burden_proxy,signed,-10.810709017527659,-72.01029436176358,104,0.5101581741796154,4
TRBG-native-burden,2,cfC_interleaved_1_seed20260612_off1320,product_proxy,positive,0.2021798365122614,18.54999999999999,119,0.5807594499336776,4
TRBG-native-burden,2,cfC_interleaved_1_seed20260612_off1320,additive_proxy,positive,0.19252577319587635,74.70000000000002,119,0.5807594499336776,4
TRBG-native-burden,2,cfC_interleaved_1_seed20260612_off1320,backend_success_proxy,positive,0.774530271398747,18.54999999999999,119,0.5807594499336776,4
TRBG-native-burden,2,cfC_interleaved_1_seed20260612_off1320,recovery_aware_proxy,positive,0.20924985899605175,18.54999999999999,119,0.5807594499336776,4
TRBG-native-burden,2,cfC_interleaved_1_seed20260612_off1320,burden_proxy,burden,-0.991670195187994,-202.30071981835079,119,0.5807594499336776,4
TRBG-native-burden,2,cfC_interleaved_1_seed20260612_off1320,success_burden_proxy,signed,-12.400566663914457,-82.60035990917541,119,0.5807594499336776,4
TRBG-source,1,cfD_tailheavy_0_seed20260621_off1380,product_proxy,positive,0.0525224602626123,7.6000000000000005,78,0.2652739364447775,7
TRBG-source,1,cfD_tailheavy_0_seed20260621_off1380,additive_proxy,positive,0.047389389809184335,22.599999999999998,78,0.2652739364447775,7
TRBG-source,1,cfD_tailheavy_0_seed20260621_off1380,backend_success_proxy,positive,0.10674157303370785,7.6000000000000005,78,0.2652739364447775,7
TRBG-source,1,cfD_tailheavy_0_seed20260621_off1380,recovery_aware_proxy,positive,0.05367231638418079,7.6000000000000005,78,0.2652739364447775,7
TRBG-source,1,cfD_tailheavy_0_seed20260621_off1380,burden_proxy,burden,-0.5386353364131766,-107.18843194622214,78,0.2652739364447775,7
TRBG-source,1,cfD_tailheavy_0_seed20260621_off1380,success_burden_proxy,signed,-1.0709854295159993,-45.99421597311107,78,0.2652739364447775,7
TRBG-native-burden,1,cfD_tailheavy_0_seed20260621_off1380,product_proxy,positive,0.0608154803040774,8.8,95,0.32834225483437773,7
TRBG-native-burden,1,cfD_tailheavy_0_seed20260621_off1380,additive_proxy,positive,0.05451876703711473,26.0,95,0.32834225483437773,7
TRBG-native-burden,1,cfD_tailheavy_0_seed20260621_off1380,backend_success_proxy,positive,0.12359550561797751,8.8,95,0.32834225483437773,7
TRBG-native-burden,1,cfD_tailheavy_0_seed20260621_off1380,recovery_aware_proxy,positive,0.06214689265536723,8.8,95,0.32834225483437773,7
TRBG-native-burden,1,cfD_tailheavy_0_seed20260621_off1380,burden_proxy,burden,-0.6385610067726495,-127.07364034775725,95,0.32834225483437773,7
TRBG-native-burden,1,cfD_tailheavy_0_seed20260621_off1380,success_burden_proxy,signed,-1.2745588901555134,-54.736820173878634,95,0.32834225483437773,7
TRBG-source,2,cfD_tailheavy_0_seed20260621_off1380,product_proxy,positive,0.09398756046993778,13.599999999999998,97,0.38694795965078876,7
TRBG-source,2,cfD_tailheavy_0_seed20260621_off1380,additive_proxy,positive,0.08303627594883627,39.599999999999994,97,0.38694795965078876,7
TRBG-source,2,cfD_tailheavy_0_seed20260621_off1380,backend_success_proxy,positive,0.1910112359550561,13.599999999999998,97,0.38694795965078876,7
TRBG-source,2,cfD_tailheavy_0_seed20260621_off1380,recovery_aware_proxy,positive,0.09604519774011297,13.599999999999998,97,0.38694795965078876,7
TRBG-source,2,cfD_tailheavy_0_seed20260621_off1380,burden_proxy,burden,-0.6883959739532665,-136.99079881670002,97,0.38694795965078876,7
TRBG-source,2,cfD_tailheavy_0_seed20260621_off1380,success_burden_proxy,signed,-1.278251442489527,-54.89539940835,97,0.38694795965078876,7
TRBG-native-burden,2,cfD_tailheavy_0_seed20260621_off1380,product_proxy,positive,0.10228058051140287,14.799999999999997,105,0.4015659169286125,7
TRBG-native-burden,2,cfD_tailheavy_0_seed20260621_off1380,additive_proxy,positive,0.09016565317676666,42.99999999999999,105,0.4015659169286125,7
TRBG-native-burden,2,cfD_tailheavy_0_seed20260621_off1380,backend_success_proxy,positive,0.20786516853932574,14.799999999999997,105,0.4015659169286125,7
TRBG-native-burden,2,cfD_tailheavy_0_seed20260621_off1380,recovery_aware_proxy,positive,0.1045197740112994,14.799999999999997,105,0.4015659169286125,7
TRBG-native-burden,2,cfD_tailheavy_0_seed20260621_off1380,burden_proxy,burden,-0.7315409187575286,-145.57664283274818,105,0.4015659169286125,7
TRBG-native-burden,2,cfD_tailheavy_0_seed20260621_off1380,success_burden_proxy,signed,-1.3502708113414643,-57.98832141637408,105,0.4015659169286125,7
TRBG-source,1,cfD_tailheavy_1_seed20260622_off1440,product_proxy,positive,0.051948051948051945,7.6000000000000005,68,0.21182379438175336,3
TRBG-source,1,cfD_tailheavy_1_seed20260622_off1440,additive_proxy,positive,0.046530780317068164,22.599999999999998,68,0.21182379438175336,3
TRBG-source,1,cfD_tailheavy_1_seed20260622_off1440,backend_success_proxy,positive,0.08597285067873302,7.6000000000000005,68,0.21182379438175336,3
TRBG-source,1,cfD_tailheavy_1_seed20260622_off1440,recovery_aware_proxy,positive,0.05440229062276307,7.6000000000000005,68,0.21182379438175336,3
TRBG-source,1,cfD_tailheavy_1_seed20260622_off1440,burden_proxy,burden,-0.5054664997157335,-96.54410144570511,68,0.21182379438175336,3
TRBG-source,1,cfD_tailheavy_1_seed20260622_off1440,success_burden_proxy,signed,-0.727360271072412,-40.67205072285255,68,0.21182379438175336,3
TRBG-native-burden,1,cfD_tailheavy_1_seed20260622_off1440,product_proxy,positive,0.07928913192071085,11.599999999999998,68,0.2215461860193045,3
TRBG-native-burden,1,cfD_tailheavy_1_seed20260622_off1440,additive_proxy,positive,0.07206094296891086,34.99999999999999,68,0.2215461860193045,3
TRBG-native-burden,1,cfD_tailheavy_1_seed20260622_off1440,backend_success_proxy,positive,0.13122171945701352,11.599999999999998,68,0.2215461860193045,3
TRBG-native-burden,1,cfD_tailheavy_1_seed20260622_off1440,recovery_aware_proxy,positive,0.0830350751610594,11.599999999999998,68,0.2215461860193045,3
TRBG-native-burden,1,cfD_tailheavy_1_seed20260622_off1440,burden_proxy,burden,-0.5092416296694806,-97.2651512668708,68,0.2215461860193045,3
TRBG-native-burden,1,cfD_tailheavy_1_seed20260622_off1440,success_burden_proxy,signed,-0.662273570486834,-37.03257563343541,68,0.2215461860193045,3
TRBG-source,2,cfD_tailheavy_1_seed20260622_off1440,product_proxy,positive,0.15037593984962405,22.0,71,0.29103238114605406,3
TRBG-source,2,cfD_tailheavy_1_seed20260622_off1440,additive_proxy,positive,0.13053325097797,63.4,71,0.29103238114605406,3
TRBG-source,2,cfD_tailheavy_1_seed20260622_off1440,backend_success_proxy,positive,0.24886877828054293,22.0,71,0.29103238114605406,3
TRBG-source,2,cfD_tailheavy_1_seed20260622_off1440,recovery_aware_proxy,positive,0.15748031496062995,22.0,71,0.29103238114605406,3
TRBG-source,2,cfD_tailheavy_1_seed20260622_off1440,burden_proxy,burden,-0.5816536261481324,-111.09584259429329,71,0.29103238114605406,3
TRBG-source,2,cfD_tailheavy_1_seed20260622_off1440,success_burden_proxy,signed,-0.5999556131281576,-33.547921297146644,71,0.29103238114605406,3
TRBG-native-burden,2,cfD_tailheavy_1_seed20260622_off1440,product_proxy,positive,0.15311004784688992,22.4,84,0.2921317279948316,3
TRBG-native-burden,2,cfD_tailheavy_1_seed20260622_off1440,additive_proxy,positive,0.13506279596458723,65.6,84,0.2921317279948316,3
TRBG-native-burden,2,cfD_tailheavy_1_seed20260622_off1440,backend_success_proxy,positive,0.253393665158371,22.4,84,0.2921317279948316,3
TRBG-native-burden,2,cfD_tailheavy_1_seed20260622_off1440,recovery_aware_proxy,positive,0.16034359341445956,22.4,84,0.2921317279948316,3
TRBG-native-burden,2,cfD_tailheavy_1_seed20260622_off1440,burden_proxy,burden,-0.6500624486480227,-124.16192769177232,84,0.2921317279948316,3
TRBG-native-burden,2,cfD_tailheavy_1_seed20260622_off1440,success_burden_proxy,signed,-0.7096361286533638,-39.680963845886154,84,0.2921317279948316,3
