section,artifact_path,artifact_type,n_rows,recover_fail_raw_key_present,recover_fail_numeric_vector,backend_fail_raw_key_present,backend_fail_numeric_vector,is_mixed_scheduler_bank,recover_fail_present,recover_fail_nan_count,recover_fail_all_zero,recover_fail_constant,recover_fail_frequency,backend_fail_present,backend_fail_nan_count,backend_fail_all_zero,backend_fail_constant,backend_fail_frequency,service_time_present_exact,service_time_derived_present,service_time_nan_count,service_time_constant,service_cost_present_exact,service_cost_derived_present,service_cost_nan_count,service_cost_constant,recover_fail_attack_frequency,recover_fail_clean_frequency,recover_corr_backend,recover_corr_product_proxy,recover_corr_additive_proxy,recover_corr_service_time,recover_corr_service_cost,holdout_id,budget,variant,served_attack_jobs,served_clean_jobs,served_recover_fail_attack_jobs,served_recover_fail_clean_jobs,served_recover_fail_attack_rate,served_recover_fail_clean_rate,served_backend_fail_attack_jobs,served_backend_fail_clean_jobs,served_backend_fail_attack_rate,served_backend_fail_clean_rate,served_recover_backend_corr
bank_field,metric/case14/mixed_bank_fit.npy,source_train_bank,218,True,True,True,True,True,True,0,True,True,0.0,True,0,False,False,0.04128440366972477,False,True,0,False,False,True,0,False,0.0,0.0,nan,nan,nan,nan,nan,,,,,,,,,,,,,,
bank_field,metric/case14/mixed_bank_eval.npy,source_val_bank,278,True,True,True,True,True,True,0,True,True,0.0,True,0,False,False,0.03597122302158273,False,True,0,False,False,True,0,False,0.0,0.0,nan,nan,nan,nan,nan,,,,,,,,,,,,,,
bank_field,metric/case39_localretune/mixed_bank_fit_native.npy,native_train_bank,468,True,True,True,True,True,True,0,False,False,0.03418803418803419,True,0,False,False,0.8290598290598291,False,True,0,False,False,True,0,False,0.036939313984168866,0.02247191011235955,0.08543186842132075,0.0333093140324188,0.04393336818283887,-0.060057762690763204,-0.09138221316721798,,,,,,,,,,,,,,
bank_field,metric/case39_localretune/mixed_bank_eval_native.npy,native_val_bank,409,True,True,True,True,True,True,0,False,False,0.05378973105134474,True,0,False,False,0.726161369193154,False,True,0,False,False,True,0,False,0.05851063829787234,0.0,0.1464153616597814,0.04178669528711,0.06971387501541192,-0.027085087351602144,-0.12941905847121196,,,,,,,,,,,,,,
bank_field,metric/case39/metric_clean_alarm_scores_full.npy,target_clean_bank,0,True,False,False,False,False,False,,,,,False,,,,,False,False,,,False,False,,,,,,,,,,,,,,,,,,,,,,,
bank_field,metric/case39/metric_attack_alarm_scores_400.npy,target_attack_bank,3,True,False,False,False,False,False,,,,,False,,,,,False,False,,,False,False,,,,,,,,,,,,,,,,,,,,,,,
bank_field,metric/case39/phase3_confirm_blind_v1/banks/mixed_bank_test_cfA_frontloaded_0_seed20260511_off1020.npy,holdout_0,235,True,True,True,True,True,True,0,False,False,0.04680851063829787,True,0,False,False,0.8212765957446808,False,True,0,False,False,True,0,False,0.045871559633027525,0.058823529411764705,0.10337566685351696,-0.05822953903993207,-0.05905898982718822,-0.0697320739103906,-0.1285142591613526,,,,,,,,,,,,,,
bank_field,metric/case39/phase3_confirm_blind_v1/banks/mixed_bank_test_cfA_frontloaded_1_seed20260512_off1080.npy,holdout_1,234,True,True,True,True,True,True,0,False,False,0.05128205128205128,True,0,False,False,0.811965811965812,False,True,0,False,False,True,0,False,0.04716981132075472,0.09090909090909091,0.11188288939258602,-0.0641741908265152,-0.072312648025539,0.008734394217339373,-0.1257618325249387,,,,,,,,,,,,,,
bank_field,metric/case39/phase3_confirm_blind_v1/banks/mixed_bank_test_cfB_backloaded_0_seed20260521_off1140.npy,holdout_2,209,True,True,True,True,True,True,0,False,False,0.05263157894736842,True,0,False,False,0.7799043062200957,False,True,0,False,False,True,0,False,0.05,0.1111111111111111,0.12521283856721155,-0.029503520876378857,-0.0656374309027584,-0.08149058875750255,-0.12238200472256136,,,,,,,,,,,,,,
bank_field,metric/case39/phase3_confirm_blind_v1/banks/mixed_bank_test_cfB_backloaded_1_seed20260522_off1200.npy,holdout_3,218,True,True,True,True,True,True,0,False,False,0.045871559633027525,True,0,False,False,0.7155963302752294,False,True,0,False,False,True,0,False,0.041025641025641026,0.08695652173913043,0.1382298631592805,-0.10415680676540147,-0.10547389140125432,-0.09210655728018403,-0.14511905051458085,,,,,,,,,,,,,,
bank_field,metric/case39/phase3_confirm_blind_v2/banks/mixed_bank_test_cfC_interleaved_0_seed20260611_off1260.npy,holdout_4,172,True,True,True,True,True,True,0,False,False,0.0872093023255814,True,0,False,False,0.7558139534883721,False,True,0,False,False,True,0,False,0.08235294117647059,0.5,0.1756906996685501,-0.14304004036939244,-0.18263422388116038,-0.04635313242590243,-0.18851968114736567,,,,,,,,,,,,,,
bank_field,metric/case39/phase3_confirm_blind_v2/banks/mixed_bank_test_cfC_interleaved_1_seed20260612_off1320.npy,holdout_5,204,True,True,True,True,True,True,0,False,False,0.024509803921568627,True,0,False,False,0.8088235294117647,False,True,0,False,False,True,0,False,0.023391812865497075,0.030303030303030304,0.07706351168521411,0.07459555777264451,0.0488629041060231,0.011034945848922681,-0.10982463118104593,,,,,,,,,,,,,,
bank_field,metric/case39/phase3_confirm_blind_v2/banks/mixed_bank_test_cfD_tailheavy_0_seed20260621_off1380.npy,holdout_6,199,True,True,True,True,True,True,0,False,False,0.04522613065326633,True,0,False,False,0.6984924623115578,False,True,0,False,False,True,0,False,0.03428571428571429,0.125,0.14299230907420596,-0.16210688984731686,-0.1834067112062434,-0.09827437994043207,-0.12766340141434823,,,,,,,,,,,,,,
bank_field,metric/case39/phase3_confirm_blind_v2/banks/mixed_bank_test_cfD_tailheavy_1_seed20260622_off1440.npy,holdout_7,191,True,True,True,True,True,True,0,False,False,0.04712041884816754,True,0,False,False,0.6073298429319371,False,True,0,False,False,True,0,False,0.0446927374301676,0.08333333333333333,0.17880810386227103,-0.014735460849055505,-0.03388832149339762,-0.09128071998197729,-0.11057175041950919,,,,,,,,,,,,,,
holdout_variant_distribution,,,,,,,,,,,,,,,,,,,,,,,,,,,,,,,,,,cfA_frontloaded_0_seed20260511_off1020,1,anchored_retune,16,0,1,0,0.0625,0.0,13,0,0.8125,0.0,0.12403473458920845
holdout_variant_distribution,,,,,,,,,,,,,,,,,,,,,,,,,,,,,,,,,,cfA_frontloaded_1_seed20260512_off1080,1,anchored_retune,10,0,1,0,0.1,0.0,6,0,0.6,0.0,0.2721655269759088
holdout_variant_distribution,,,,,,,,,,,,,,,,,,,,,,,,,,,,,,,,,,cfB_backloaded_0_seed20260521_off1140,1,anchored_retune,21,0,1,0,0.047619047619047616,0.0,16,0,0.7619047619047619,0.0,0.12500000000000006
holdout_variant_distribution,,,,,,,,,,,,,,,,,,,,,,,,,,,,,,,,,,cfB_backloaded_1_seed20260522_off1200,1,anchored_retune,16,0,0,0,0.0,0.0,14,0,0.875,0.0,nan
holdout_variant_distribution,,,,,,,,,,,,,,,,,,,,,,,,,,,,,,,,,,cfC_interleaved_0_seed20260611_off1260,1,anchored_retune,13,0,2,0,0.15384615384615385,0.0,10,0,0.7692307692307693,0.0,0.23354968324845687
holdout_variant_distribution,,,,,,,,,,,,,,,,,,,,,,,,,,,,,,,,,,cfC_interleaved_1_seed20260612_off1320,1,anchored_retune,11,1,0,0,0.0,0.0,9,1,0.8181818181818182,1.0,nan
holdout_variant_distribution,,,,,,,,,,,,,,,,,,,,,,,,,,,,,,,,,,cfD_tailheavy_0_seed20260621_off1380,1,anchored_retune,9,0,0,0,0.0,0.0,9,0,1.0,0.0,nan
holdout_variant_distribution,,,,,,,,,,,,,,,,,,,,,,,,,,,,,,,,,,cfD_tailheavy_1_seed20260622_off1440,1,anchored_retune,7,0,0,0,0.0,0.0,5,0,0.7142857142857143,0.0,nan
holdout_variant_distribution,,,,,,,,,,,,,,,,,,,,,,,,,,,,,,,,,,cfA_frontloaded_0_seed20260511_off1020,2,anchored_retune,42,0,2,0,0.047619047619047616,0.0,33,0,0.7857142857142857,0.0,0.11677484162422842
holdout_variant_distribution,,,,,,,,,,,,,,,,,,,,,,,,,,,,,,,,,,cfA_frontloaded_1_seed20260512_off1080,2,anchored_retune,73,2,3,0,0.0410958904109589,0.0,64,2,0.8767123287671232,1.0,0.07537783614444084
holdout_variant_distribution,,,,,,,,,,,,,,,,,,,,,,,,,,,,,,,,,,cfB_backloaded_0_seed20260521_off1140,2,anchored_retune,51,1,1,0,0.0196078431372549,0.0,39,1,0.7647058823529411,1.0,0.07669649888473694
holdout_variant_distribution,,,,,,,,,,,,,,,,,,,,,,,,,,,,,,,,,,cfB_backloaded_1_seed20260522_off1200,2,anchored_retune,70,2,3,0,0.04285714285714286,0.0,54,2,0.7714285714285715,1.0,0.11145564251507048
holdout_variant_distribution,,,,,,,,,,,,,,,,,,,,,,,,,,,,,,,,,,cfC_interleaved_0_seed20260611_off1260,2,anchored_retune,61,0,8,0,0.13114754098360656,0.0,54,0,0.8852459016393442,0.0,0.13988115151037556
holdout_variant_distribution,,,,,,,,,,,,,,,,,,,,,,,,,,,,,,,,,,cfC_interleaved_1_seed20260612_off1320,2,anchored_retune,63,2,1,0,0.015873015873015872,0.0,56,2,0.8888888888888888,1.0,0.04342552086122816
holdout_variant_distribution,,,,,,,,,,,,,,,,,,,,,,,,,,,,,,,,,,cfD_tailheavy_0_seed20260621_off1380,2,anchored_retune,59,1,2,0,0.03389830508474576,0.0,55,1,0.9322033898305084,1.0,0.04962916669854655
holdout_variant_distribution,,,,,,,,,,,,,,,,,,,,,,,,,,,,,,,,,,cfD_tailheavy_1_seed20260622_off1440,2,anchored_retune,25,1,1,0,0.04,0.0,21,1,0.84,1.0,0.08528028654224419
holdout_variant_distribution,,,,,,,,,,,,,,,,,,,,,,,,,,,,,,,,,,cfA_frontloaded_0_seed20260511_off1020,1,native_safeguarded_retune,7,0,1,0,0.14285714285714285,0.0,3,0,0.42857142857142855,0.0,0.47140452079103146
holdout_variant_distribution,,,,,,,,,,,,,,,,,,,,,,,,,,,,,,,,,,cfA_frontloaded_1_seed20260512_off1080,1,native_safeguarded_retune,10,0,1,0,0.1,0.0,6,0,0.6,0.0,0.2721655269759088
holdout_variant_distribution,,,,,,,,,,,,,,,,,,,,,,,,,,,,,,,,,,cfB_backloaded_0_seed20260521_off1140,1,native_safeguarded_retune,15,0,1,0,0.06666666666666667,0.0,11,0,0.7333333333333333,0.0,0.16116459280507606
holdout_variant_distribution,,,,,,,,,,,,,,,,,,,,,,,,,,,,,,,,,,cfB_backloaded_1_seed20260522_off1200,1,native_safeguarded_retune,10,0,0,0,0.0,0.0,8,0,0.8,0.0,nan
holdout_variant_distribution,,,,,,,,,,,,,,,,,,,,,,,,,,,,,,,,,,cfC_interleaved_0_seed20260611_off1260,1,native_safeguarded_retune,13,0,2,0,0.15384615384615385,0.0,10,0,0.7692307692307693,0.0,0.23354968324845687
holdout_variant_distribution,,,,,,,,,,,,,,,,,,,,,,,,,,,,,,,,,,cfC_interleaved_1_seed20260612_off1320,1,native_safeguarded_retune,9,0,0,0,0.0,0.0,9,0,1.0,0.0,nan
holdout_variant_distribution,,,,,,,,,,,,,,,,,,,,,,,,,,,,,,,,,,cfD_tailheavy_0_seed20260621_off1380,1,native_safeguarded_retune,9,0,0,0,0.0,0.0,9,0,1.0,0.0,nan
holdout_variant_distribution,,,,,,,,,,,,,,,,,,,,,,,,,,,,,,,,,,cfD_tailheavy_1_seed20260622_off1440,1,native_safeguarded_retune,5,0,0,0,0.0,0.0,3,0,0.6,0.0,nan
holdout_variant_distribution,,,,,,,,,,,,,,,,,,,,,,,,,,,,,,,,,,cfA_frontloaded_0_seed20260511_off1020,2,native_safeguarded_retune,8,0,1,0,0.125,0.0,5,0,0.625,0.0,0.2927700218845599
holdout_variant_distribution,,,,,,,,,,,,,,,,,,,,,,,,,,,,,,,,,,cfA_frontloaded_1_seed20260512_off1080,2,native_safeguarded_retune,10,0,1,0,0.1,0.0,6,0,0.6,0.0,0.2721655269759088
holdout_variant_distribution,,,,,,,,,,,,,,,,,,,,,,,,,,,,,,,,,,cfB_backloaded_0_seed20260521_off1140,2,native_safeguarded_retune,16,0,1,0,0.0625,0.0,11,0,0.6875,0.0,0.17407765595569782
holdout_variant_distribution,,,,,,,,,,,,,,,,,,,,,,,,,,,,,,,,,,cfB_backloaded_1_seed20260522_off1200,2,native_safeguarded_retune,11,0,0,0,0.0,0.0,9,0,0.8181818181818182,0.0,nan
holdout_variant_distribution,,,,,,,,,,,,,,,,,,,,,,,,,,,,,,,,,,cfC_interleaved_0_seed20260611_off1260,2,native_safeguarded_retune,17,0,3,0,0.17647058823529413,0.0,14,0,0.8235294117647058,0.0,0.21428571428571427
holdout_variant_distribution,,,,,,,,,,,,,,,,,,,,,,,,,,,,,,,,,,cfC_interleaved_1_seed20260612_off1320,2,native_safeguarded_retune,9,0,0,0,0.0,0.0,9,0,1.0,0.0,nan
holdout_variant_distribution,,,,,,,,,,,,,,,,,,,,,,,,,,,,,,,,,,cfD_tailheavy_0_seed20260621_off1380,2,native_safeguarded_retune,11,0,0,0,0.0,0.0,11,0,1.0,0.0,nan
holdout_variant_distribution,,,,,,,,,,,,,,,,,,,,,,,,,,,,,,,,,,cfD_tailheavy_1_seed20260622_off1440,2,native_safeguarded_retune,5,0,0,0,0.0,0.0,3,0,0.6,0.0,nan
holdout_variant_distribution,,,,,,,,,,,,,,,,,,,,,,,,,,,,,,,,,,cfA_frontloaded_0_seed20260511_off1020,1,native_unconstrained_retune,1,0,1,0,1.0,0.0,1,0,1.0,0.0,nan
holdout_variant_distribution,,,,,,,,,,,,,,,,,,,,,,,,,,,,,,,,,,cfA_frontloaded_1_seed20260512_off1080,1,native_unconstrained_retune,0,0,0,0,0.0,0.0,0,0,0.0,0.0,
holdout_variant_distribution,,,,,,,,,,,,,,,,,,,,,,,,,,,,,,,,,,cfB_backloaded_0_seed20260521_off1140,1,native_unconstrained_retune,1,0,1,0,1.0,0.0,1,0,1.0,0.0,nan
holdout_variant_distribution,,,,,,,,,,,,,,,,,,,,,,,,,,,,,,,,,,cfB_backloaded_1_seed20260522_off1200,1,native_unconstrained_retune,1,0,0,0,0.0,0.0,1,0,1.0,0.0,nan
holdout_variant_distribution,,,,,,,,,,,,,,,,,,,,,,,,,,,,,,,,,,cfC_interleaved_0_seed20260611_off1260,1,native_unconstrained_retune,1,0,0,0,0.0,0.0,1,0,1.0,0.0,nan
holdout_variant_distribution,,,,,,,,,,,,,,,,,,,,,,,,,,,,,,,,,,cfC_interleaved_1_seed20260612_off1320,1,native_unconstrained_retune,0,0,0,0,0.0,0.0,0,0,0.0,0.0,
holdout_variant_distribution,,,,,,,,,,,,,,,,,,,,,,,,,,,,,,,,,,cfD_tailheavy_0_seed20260621_off1380,1,native_unconstrained_retune,1,0,0,0,0.0,0.0,1,0,1.0,0.0,nan
holdout_variant_distribution,,,,,,,,,,,,,,,,,,,,,,,,,,,,,,,,,,cfD_tailheavy_1_seed20260622_off1440,1,native_unconstrained_retune,0,0,0,0,0.0,0.0,0,0,0.0,0.0,
holdout_variant_distribution,,,,,,,,,,,,,,,,,,,,,,,,,,,,,,,,,,cfA_frontloaded_0_seed20260511_off1020,2,native_unconstrained_retune,45,0,4,0,0.08888888888888889,0.0,32,0,0.7111111111111111,0.0,0.1990832648452992
holdout_variant_distribution,,,,,,,,,,,,,,,,,,,,,,,,,,,,,,,,,,cfA_frontloaded_1_seed20260512_off1080,2,native_unconstrained_retune,89,1,5,0,0.056179775280898875,0.0,73,1,0.8202247191011236,1.0,0.11277677488692048
holdout_variant_distribution,,,,,,,,,,,,,,,,,,,,,,,,,,,,,,,,,,cfB_backloaded_0_seed20260521_off1140,2,native_unconstrained_retune,64,1,1,0,0.015625,0.0,43,1,0.671875,1.0,0.08635615996346961
holdout_variant_distribution,,,,,,,,,,,,,,,,,,,,,,,,,,,,,,,,,,cfB_backloaded_1_seed20260522_off1200,2,native_unconstrained_retune,78,0,4,0,0.05128205128205128,0.0,60,0,0.7692307692307693,0.0,0.12734290799340264
holdout_variant_distribution,,,,,,,,,,,,,,,,,,,,,,,,,,,,,,,,,,cfC_interleaved_0_seed20260611_off1260,2,native_unconstrained_retune,56,0,5,0,0.08928571428571429,0.0,45,0,0.8035714285714286,0.0,0.1548067880042746
holdout_variant_distribution,,,,,,,,,,,,,,,,,,,,,,,,,,,,,,,,,,cfC_interleaved_1_seed20260612_off1320,2,native_unconstrained_retune,42,0,0,0,0.0,0.0,34,0,0.8095238095238095,0.0,nan
holdout_variant_distribution,,,,,,,,,,,,,,,,,,,,,,,,,,,,,,,,,,cfD_tailheavy_0_seed20260621_off1380,2,native_unconstrained_retune,64,0,2,0,0.03125,0.0,58,0,0.90625,0.0,0.05776712868787001
holdout_variant_distribution,,,,,,,,,,,,,,,,,,,,,,,,,,,,,,,,,,cfD_tailheavy_1_seed20260622_off1440,2,native_unconstrained_retune,30,0,1,0,0.03333333333333333,0.0,23,0,0.7666666666666667,0.0,0.10244389988519655
holdout_variant_distribution,,,,,,,,,,,,,,,,,,,,,,,,,,,,,,,,,,cfA_frontloaded_0_seed20260511_off1020,1,phase3_oracle_upgrade,1,0,1,0,1.0,0.0,1,0,1.0,0.0,nan
holdout_variant_distribution,,,,,,,,,,,,,,,,,,,,,,,,,,,,,,,,,,cfA_frontloaded_1_seed20260512_off1080,1,phase3_oracle_upgrade,0,0,0,0,0.0,0.0,0,0,0.0,0.0,
holdout_variant_distribution,,,,,,,,,,,,,,,,,,,,,,,,,,,,,,,,,,cfB_backloaded_0_seed20260521_off1140,1,phase3_oracle_upgrade,1,0,1,0,1.0,0.0,1,0,1.0,0.0,nan
holdout_variant_distribution,,,,,,,,,,,,,,,,,,,,,,,,,,,,,,,,,,cfB_backloaded_1_seed20260522_off1200,1,phase3_oracle_upgrade,1,0,0,0,0.0,0.0,1,0,1.0,0.0,nan
holdout_variant_distribution,,,,,,,,,,,,,,,,,,,,,,,,,,,,,,,,,,cfC_interleaved_0_seed20260611_off1260,1,phase3_oracle_upgrade,1,0,0,0,0.0,0.0,1,0,1.0,0.0,nan
holdout_variant_distribution,,,,,,,,,,,,,,,,,,,,,,,,,,,,,,,,,,cfC_interleaved_1_seed20260612_off1320,1,phase3_oracle_upgrade,0,0,0,0,0.0,0.0,0,0,0.0,0.0,
holdout_variant_distribution,,,,,,,,,,,,,,,,,,,,,,,,,,,,,,,,,,cfD_tailheavy_0_seed20260621_off1380,1,phase3_oracle_upgrade,1,0,0,0,0.0,0.0,1,0,1.0,0.0,nan
holdout_variant_distribution,,,,,,,,,,,,,,,,,,,,,,,,,,,,,,,,,,cfD_tailheavy_1_seed20260622_off1440,1,phase3_oracle_upgrade,0,0,0,0,0.0,0.0,0,0,0.0,0.0,
holdout_variant_distribution,,,,,,,,,,,,,,,,,,,,,,,,,,,,,,,,,,cfA_frontloaded_0_seed20260511_off1020,2,phase3_oracle_upgrade,45,0,4,0,0.08888888888888889,0.0,32,0,0.7111111111111111,0.0,0.1990832648452992
holdout_variant_distribution,,,,,,,,,,,,,,,,,,,,,,,,,,,,,,,,,,cfA_frontloaded_1_seed20260512_off1080,2,phase3_oracle_upgrade,89,1,5,0,0.056179775280898875,0.0,73,1,0.8202247191011236,1.0,0.11277677488692048
holdout_variant_distribution,,,,,,,,,,,,,,,,,,,,,,,,,,,,,,,,,,cfB_backloaded_0_seed20260521_off1140,2,phase3_oracle_upgrade,64,1,1,0,0.015625,0.0,43,1,0.671875,1.0,0.08635615996346961
holdout_variant_distribution,,,,,,,,,,,,,,,,,,,,,,,,,,,,,,,,,,cfB_backloaded_1_seed20260522_off1200,2,phase3_oracle_upgrade,78,0,4,0,0.05128205128205128,0.0,60,0,0.7692307692307693,0.0,0.12734290799340264
holdout_variant_distribution,,,,,,,,,,,,,,,,,,,,,,,,,,,,,,,,,,cfC_interleaved_0_seed20260611_off1260,2,phase3_oracle_upgrade,56,0,5,0,0.08928571428571429,0.0,45,0,0.8035714285714286,0.0,0.1548067880042746
holdout_variant_distribution,,,,,,,,,,,,,,,,,,,,,,,,,,,,,,,,,,cfC_interleaved_1_seed20260612_off1320,2,phase3_oracle_upgrade,42,0,0,0,0.0,0.0,34,0,0.8095238095238095,0.0,nan
holdout_variant_distribution,,,,,,,,,,,,,,,,,,,,,,,,,,,,,,,,,,cfD_tailheavy_0_seed20260621_off1380,2,phase3_oracle_upgrade,64,0,2,0,0.03125,0.0,58,0,0.90625,0.0,0.05776712868787001
holdout_variant_distribution,,,,,,,,,,,,,,,,,,,,,,,,,,,,,,,,,,cfD_tailheavy_1_seed20260622_off1440,2,phase3_oracle_upgrade,30,0,1,0,0.03333333333333333,0.0,23,0,0.7666666666666667,0.0,0.10244389988519655
holdout_variant_distribution,,,,,,,,,,,,,,,,,,,,,,,,,,,,,,,,,,cfA_frontloaded_0_seed20260511_off1020,1,phase3_proposed,2,0,1,0,0.5,0.0,2,0,1.0,0.0,nan
holdout_variant_distribution,,,,,,,,,,,,,,,,,,,,,,,,,,,,,,,,,,cfA_frontloaded_1_seed20260512_off1080,1,phase3_proposed,2,0,0,0,0.0,0.0,1,0,0.5,0.0,nan
holdout_variant_distribution,,,,,,,,,,,,,,,,,,,,,,,,,,,,,,,,,,cfB_backloaded_0_seed20260521_off1140,1,phase3_proposed,3,0,1,0,0.3333333333333333,0.0,3,0,1.0,0.0,nan
holdout_variant_distribution,,,,,,,,,,,,,,,,,,,,,,,,,,,,,,,,,,cfB_backloaded_1_seed20260522_off1200,1,phase3_proposed,0,0,0,0,0.0,0.0,0,0,0.0,0.0,
holdout_variant_distribution,,,,,,,,,,,,,,,,,,,,,,,,,,,,,,,,,,cfC_interleaved_0_seed20260611_off1260,1,phase3_proposed,2,0,0,0,0.0,0.0,1,0,0.5,0.0,nan
holdout_variant_distribution,,,,,,,,,,,,,,,,,,,,,,,,,,,,,,,,,,cfC_interleaved_1_seed20260612_off1320,1,phase3_proposed,3,1,0,0,0.0,0.0,3,1,1.0,1.0,nan
holdout_variant_distribution,,,,,,,,,,,,,,,,,,,,,,,,,,,,,,,,,,cfD_tailheavy_0_seed20260621_off1380,1,phase3_proposed,1,0,0,0,0.0,0.0,1,0,1.0,0.0,nan
holdout_variant_distribution,,,,,,,,,,,,,,,,,,,,,,,,,,,,,,,,,,cfD_tailheavy_1_seed20260622_off1440,1,phase3_proposed,0,0,0,0,0.0,0.0,0,0,0.0,0.0,
holdout_variant_distribution,,,,,,,,,,,,,,,,,,,,,,,,,,,,,,,,,,cfA_frontloaded_0_seed20260511_off1020,2,phase3_proposed,5,1,1,0,0.2,0.0,5,1,1.0,1.0,nan
holdout_variant_distribution,,,,,,,,,,,,,,,,,,,,,,,,,,,,,,,,,,cfA_frontloaded_1_seed20260512_off1080,2,phase3_proposed,3,0,0,0,0.0,0.0,2,0,0.6666666666666666,0.0,nan
holdout_variant_distribution,,,,,,,,,,,,,,,,,,,,,,,,,,,,,,,,,,cfB_backloaded_0_seed20260521_off1140,2,phase3_proposed,3,1,1,1,0.3333333333333333,1.0,3,1,1.0,1.0,nan
holdout_variant_distribution,,,,,,,,,,,,,,,,,,,,,,,,,,,,,,,,,,cfB_backloaded_1_seed20260522_off1200,2,phase3_proposed,3,1,0,0,0.0,0.0,3,1,1.0,1.0,nan
holdout_variant_distribution,,,,,,,,,,,,,,,,,,,,,,,,,,,,,,,,,,cfC_interleaved_0_seed20260611_off1260,2,phase3_proposed,5,1,0,1,0.0,1.0,4,1,0.8,1.0,0.19999999999999998
holdout_variant_distribution,,,,,,,,,,,,,,,,,,,,,,,,,,,,,,,,,,cfC_interleaved_1_seed20260612_off1320,2,phase3_proposed,6,1,0,0,0.0,0.0,6,1,1.0,1.0,nan
holdout_variant_distribution,,,,,,,,,,,,,,,,,,,,,,,,,,,,,,,,,,cfD_tailheavy_0_seed20260621_off1380,2,phase3_proposed,2,0,0,0,0.0,0.0,2,0,1.0,0.0,nan
holdout_variant_distribution,,,,,,,,,,,,,,,,,,,,,,,,,,,,,,,,,,cfD_tailheavy_1_seed20260622_off1440,2,phase3_proposed,1,0,0,0,0.0,0.0,1,0,1.0,0.0,nan
holdout_variant_distribution,,,,,,,,,,,,,,,,,,,,,,,,,,,,,,,,,,cfA_frontloaded_0_seed20260511_off1020,1,source_frozen_transfer,144,14,8,1,0.05555555555555555,0.07142857142857142,126,14,0.875,1.0,0.08812524861758826
holdout_variant_distribution,,,,,,,,,,,,,,,,,,,,,,,,,,,,,,,,,,cfA_frontloaded_1_seed20260512_off1080,1,source_frozen_transfer,126,18,6,2,0.047619047619047616,0.1111111111111111,107,18,0.8492063492063492,1.0,0.09455779434075375
holdout_variant_distribution,,,,,,,,,,,,,,,,,,,,,,,,,,,,,,,,,,cfB_backloaded_0_seed20260521_off1140,1,source_frozen_transfer,105,7,2,1,0.01904761904761905,0.14285714285714285,78,7,0.7428571428571429,1.0,0.09350176255369545
holdout_variant_distribution,,,,,,,,,,,,,,,,,,,,,,,,,,,,,,,,,,cfB_backloaded_1_seed20260522_off1200,1,source_frozen_transfer,107,21,5,2,0.04672897196261682,0.09523809523809523,89,21,0.8317757009345794,1.0,0.09729628200172852
holdout_variant_distribution,,,,,,,,,,,,,,,,,,,,,,,,,,,,,,,,,,cfC_interleaved_0_seed20260611_off1260,1,source_frozen_transfer,101,2,8,1,0.07920792079207921,0.5,91,2,0.900990099009901,1.0,0.10146490513094977
holdout_variant_distribution,,,,,,,,,,,,,,,,,,,,,,,,,,,,,,,,,,cfC_interleaved_1_seed20260612_off1320,1,source_frozen_transfer,91,19,3,0,0.03296703296703297,0.0,75,18,0.8241758241758241,0.9473684210526315,0.07158989491516535
holdout_variant_distribution,,,,,,,,,,,,,,,,,,,,,,,,,,,,,,,,,,cfD_tailheavy_0_seed20260621_off1380,1,source_frozen_transfer,90,17,4,3,0.044444444444444446,0.17647058823529413,83,17,0.9222222222222223,1.0,0.0700000000000001
holdout_variant_distribution,,,,,,,,,,,,,,,,,,,,,,,,,,,,,,,,,,cfD_tailheavy_1_seed20260622_off1440,1,source_frozen_transfer,74,10,3,0,0.04054054054054054,0.0,66,10,0.8918918918918919,1.0,0.062439054105446264
holdout_variant_distribution,,,,,,,,,,,,,,,,,,,,,,,,,,,,,,,,,,cfA_frontloaded_0_seed20260511_off1020,2,source_frozen_transfer,189,17,9,1,0.047619047619047616,0.058823529411764705,155,17,0.8201058201058201,1.0,0.1004262392039324
holdout_variant_distribution,,,,,,,,,,,,,,,,,,,,,,,,,,,,,,,,,,cfA_frontloaded_1_seed20260512_off1080,2,source_frozen_transfer,181,21,9,2,0.049723756906077346,0.09523809523809523,147,21,0.8121546961325967,1.0,0.10796039792128301
holdout_variant_distribution,,,,,,,,,,,,,,,,,,,,,,,,,,,,,,,,,,cfB_backloaded_0_seed20260521_off1140,2,source_frozen_transfer,161,9,6,1,0.037267080745341616,0.1111111111111111,124,9,0.7701863354037267,1.0,0.10930254126931448
holdout_variant_distribution,,,,,,,,,,,,,,,,,,,,,,,,,,,,,,,,,,cfB_backloaded_1_seed20260522_off1200,2,source_frozen_transfer,136,23,7,2,0.051470588235294115,0.08695652173913043,109,23,0.8014705882352942,1.0,0.11078234188139971
holdout_variant_distribution,,,,,,,,,,,,,,,,,,,,,,,,,,,,,,,,,,cfC_interleaved_0_seed20260611_off1260,2,source_frozen_transfer,131,2,10,1,0.07633587786259542,0.5,107,2,0.816793893129771,1.0,0.1408992881988754
holdout_variant_distribution,,,,,,,,,,,,,,,,,,,,,,,,,,,,,,,,,,cfC_interleaved_1_seed20260612_off1320,2,source_frozen_transfer,119,32,2,1,0.01680672268907563,0.03125,90,31,0.7563025210084033,0.96875,0.07089207885136858
holdout_variant_distribution,,,,,,,,,,,,,,,,,,,,,,,,,,,,,,,,,,cfD_tailheavy_0_seed20260621_off1380,2,source_frozen_transfer,102,24,5,3,0.049019607843137254,0.125,91,24,0.8921568627450981,1.0,0.0805288342561036
holdout_variant_distribution,,,,,,,,,,,,,,,,,,,,,,,,,,,,,,,,,,cfD_tailheavy_1_seed20260622_off1440,2,source_frozen_transfer,104,12,5,1,0.04807692307692308,0.08333333333333333,79,12,0.7596153846153846,1.0,0.12241329578528207
holdout_variant_distribution,,,,,,,,,,,,,,,,,,,,,,,,,,,,,,,,,,cfA_frontloaded_0_seed20260511_off1020,1,topk_expected_consequence,116,17,8,1,0.06896551724137931,0.058823529411764705,104,17,0.896551724137931,1.0,0.08484150229612568
holdout_variant_distribution,,,,,,,,,,,,,,,,,,,,,,,,,,,,,,,,,,cfA_frontloaded_1_seed20260512_off1080,1,topk_expected_consequence,126,22,4,2,0.031746031746031744,0.09090909090909091,112,22,0.8888888888888888,1.0,0.06644205733865323
holdout_variant_distribution,,,,,,,,,,,,,,,,,,,,,,,,,,,,,,,,,,cfB_backloaded_0_seed20260521_off1140,1,topk_expected_consequence,86,9,3,1,0.03488372093023256,0.1111111111111111,66,9,0.7674418604651163,1.0,0.10826639239215355
holdout_variant_distribution,,,,,,,,,,,,,,,,,,,,,,,,,,,,,,,,,,cfB_backloaded_1_seed20260522_off1200,1,topk_expected_consequence,96,23,7,2,0.07291666666666667,0.08695652173913043,78,23,0.8125,1.0,0.12075370862136978
holdout_variant_distribution,,,,,,,,,,,,,,,,,,,,,,,,,,,,,,,,,,cfC_interleaved_0_seed20260611_off1260,1,topk_expected_consequence,93,1,9,1,0.0967741935483871,1.0,84,1,0.9032258064516129,1.0,0.11227217828476795
holdout_variant_distribution,,,,,,,,,,,,,,,,,,,,,,,,,,,,,,,,,,cfC_interleaved_1_seed20260612_off1320,1,topk_expected_consequence,79,18,1,1,0.012658227848101266,0.05555555555555555,69,18,0.8734177215189873,1.0,0.04919189679432813
holdout_variant_distribution,,,,,,,,,,,,,,,,,,,,,,,,,,,,,,,,,,cfD_tailheavy_0_seed20260621_off1380,1,topk_expected_consequence,70,19,3,2,0.04285714285714286,0.10526315789473684,65,19,0.9285714285714286,1.0,0.05952380952380958
holdout_variant_distribution,,,,,,,,,,,,,,,,,,,,,,,,,,,,,,,,,,cfD_tailheavy_1_seed20260622_off1440,1,topk_expected_consequence,70,9,2,0,0.02857142857142857,0.0,62,9,0.8857142857142857,1.0,0.05409852875979855
holdout_variant_distribution,,,,,,,,,,,,,,,,,,,,,,,,,,,,,,,,,,cfA_frontloaded_0_seed20260511_off1020,2,topk_expected_consequence,165,17,9,1,0.05454545454545454,0.058823529411764705,140,17,0.8484848484848485,1.0,0.09621791787571435
holdout_variant_distribution,,,,,,,,,,,,,,,,,,,,,,,,,,,,,,,,,,cfA_frontloaded_1_seed20260512_off1080,2,topk_expected_consequence,161,22,8,2,0.049689440993788817,0.09090909090909091,136,22,0.84472049689441,1.0,0.09563534068196979
holdout_variant_distribution,,,,,,,,,,,,,,,,,,,,,,,,,,,,,,,,,,cfB_backloaded_0_seed20260521_off1140,2,topk_expected_consequence,142,9,5,1,0.035211267605633804,0.1111111111111111,110,9,0.7746478873239436,1.0,0.1054855890844406
holdout_variant_distribution,,,,,,,,,,,,,,,,,,,,,,,,,,,,,,,,,,cfB_backloaded_1_seed20260522_off1200,2,topk_expected_consequence,125,23,8,2,0.064,0.08695652173913043,100,23,0.8,1.0,0.12136065323508577
holdout_variant_distribution,,,,,,,,,,,,,,,,,,,,,,,,,,,,,,,,,,cfC_interleaved_0_seed20260611_off1260,2,topk_expected_consequence,119,2,9,1,0.07563025210084033,0.5,100,2,0.8403361344537815,1.0,0.12954338026206766
holdout_variant_distribution,,,,,,,,,,,,,,,,,,,,,,,,,,,,,,,,,,cfC_interleaved_1_seed20260612_off1320,2,topk_expected_consequence,110,31,2,1,0.01818181818181818,0.03225806451612903,92,30,0.8363636363636363,0.967741935483871,0.05818592854657231
holdout_variant_distribution,,,,,,,,,,,,,,,,,,,,,,,,,,,,,,,,,,cfD_tailheavy_0_seed20260621_off1380,2,topk_expected_consequence,101,24,5,3,0.04950495049504951,0.125,91,24,0.900990099009901,1.0,0.07710865759549876
holdout_variant_distribution,,,,,,,,,,,,,,,,,,,,,,,,,,,,,,,,,,cfD_tailheavy_1_seed20260622_off1440,2,topk_expected_consequence,102,12,3,1,0.029411764705882353,0.08333333333333333,84,12,0.8235294117647058,1.0,0.08257228238447709
holdout_variant_distribution,,,,,,,,,,,,,,,,,,,,,,,,,,,,,,,,,,cfA_frontloaded_0_seed20260511_off1020,1,winner_replay,93,10,5,1,0.053763440860215055,0.1,79,10,0.8494623655913979,1.0,0.0986412966737324
holdout_variant_distribution,,,,,,,,,,,,,,,,,,,,,,,,,,,,,,,,,,cfA_frontloaded_1_seed20260512_off1080,1,winner_replay,115,5,4,0,0.034782608695652174,0.0,100,5,0.8695652173913043,1.0,0.07018624063435969
holdout_variant_distribution,,,,,,,,,,,,,,,,,,,,,,,,,,,,,,,,,,cfB_backloaded_0_seed20260521_off1140,1,winner_replay,66,6,1,1,0.015151515151515152,0.16666666666666666,51,6,0.7727272727272727,1.0,0.08671099695241202
holdout_variant_distribution,,,,,,,,,,,,,,,,,,,,,,,,,,,,,,,,,,cfB_backloaded_1_seed20260522_off1200,1,winner_replay,92,11,7,1,0.07608695652173914,0.09090909090909091,77,11,0.8369565217391305,1.0,0.11980845957463068
holdout_variant_distribution,,,,,,,,,,,,,,,,,,,,,,,,,,,,,,,,,,cfC_interleaved_0_seed20260611_off1260,1,winner_replay,84,1,9,1,0.10714285714285714,1.0,76,1,0.9047619047619048,1.0,0.1176979772673002
holdout_variant_distribution,,,,,,,,,,,,,,,,,,,,,,,,,,,,,,,,,,cfC_interleaved_1_seed20260612_off1320,1,winner_replay,79,14,2,1,0.02531645569620253,0.07142857142857142,68,13,0.8607594936708861,0.9285714285714286,0.07027283689263063
holdout_variant_distribution,,,,,,,,,,,,,,,,,,,,,,,,,,,,,,,,,,cfD_tailheavy_0_seed20260621_off1380,1,winner_replay,64,9,2,0,0.03125,0.0,59,9,0.921875,1.0,0.04551099906204556
holdout_variant_distribution,,,,,,,,,,,,,,,,,,,,,,,,,,,,,,,,,,cfD_tailheavy_1_seed20260622_off1440,1,winner_replay,58,7,2,0,0.034482758620689655,0.0,51,7,0.8793103448275862,1.0,0.06189844605901724
holdout_variant_distribution,,,,,,,,,,,,,,,,,,,,,,,,,,,,,,,,,,cfA_frontloaded_0_seed20260511_off1020,2,winner_replay,155,12,8,1,0.05161290322580645,0.08333333333333333,130,12,0.8387096774193549,1.0,0.10014252635061231
holdout_variant_distribution,,,,,,,,,,,,,,,,,,,,,,,,,,,,,,,,,,cfA_frontloaded_1_seed20260512_off1080,2,winner_replay,166,13,7,2,0.04216867469879518,0.15384615384615385,139,13,0.8373493975903614,1.0,0.09697435108213862
holdout_variant_distribution,,,,,,,,,,,,,,,,,,,,,,,,,,,,,,,,,,cfB_backloaded_0_seed20260521_off1140,2,winner_replay,147,7,6,1,0.04081632653061224,0.14285714285714285,118,7,0.8027210884353742,1.0,0.10510765456244865
holdout_variant_distribution,,,,,,,,,,,,,,,,,,,,,,,,,,,,,,,,,,cfB_backloaded_1_seed20260522_off1200,2,winner_replay,122,15,7,1,0.05737704918032787,0.06666666666666667,96,15,0.7868852459016393,1.0,0.1205244956887923
holdout_variant_distribution,,,,,,,,,,,,,,,,,,,,,,,,,,,,,,,,,,cfC_interleaved_0_seed20260611_off1260,2,winner_replay,115,1,10,1,0.08695652173913043,1.0,98,1,0.8521739130434782,1.0,0.13412463602715874
holdout_variant_distribution,,,,,,,,,,,,,,,,,,,,,,,,,,,,,,,,,,cfC_interleaved_1_seed20260612_off1320,2,winner_replay,116,21,4,1,0.034482758620689655,0.047619047619047616,97,20,0.8362068965517241,0.9523809523809523,0.08046742493087782
holdout_variant_distribution,,,,,,,,,,,,,,,,,,,,,,,,,,,,,,,,,,cfD_tailheavy_0_seed20260621_off1380,2,winner_replay,102,14,5,0,0.049019607843137254,0.0,94,14,0.9215686274509803,1.0,0.05776391610111517
holdout_variant_distribution,,,,,,,,,,,,,,,,,,,,,,,,,,,,,,,,,,cfD_tailheavy_1_seed20260622_off1440,2,winner_replay,96,9,3,0,0.03125,0.0,80,9,0.8333333333333334,1.0,0.07271525467005985
